Borough,Category,Cohort Year,Cohort,Cohort #,Total Grads #,Total Grads % of cohort,Total Regents #,Total Regents % of cohort,Total Regents % of grads,Advanced Regents #,Advanced Regents % of cohort,Advanced Regents % of grads,Regents without Advanced #,Regents without Advanced % of cohort,Regents without Advanced % of grads,Local #,Local % of cohort,Local % of grads,Still Enrolled #,Still Enrolled % of cohort,Dropout #,Dropout % of cohort,SACC (IEP Diploma) #,SACC (IEP Diploma)  % of cohort,TASC (GED) #,TASC (GED) % of cohort
Bronx,Econ Disadv,2014,4 year August,11100,7432,67,6414,57.8,86.3,974,8.8,13.1,5440,49,73.2,1018,9.2,13.7,2168,19.5,1315,11.8,54,0.5,131,1.2
Bronx,Econ Disadv,2013,4 year August,10274,6883,67,6078,59.2,88.3,932,9.1,13.5,5146,50.1,74.8,805,7.8,11.7,2046,19.9,1166,11.3,68,0.7,103,1
Bronx,Econ Disadv,2012,4 year August,10416,6832,65.6,6154,59.1,90.1,897,8.6,13.1,5257,50.5,76.9,678,6.5,9.9,2139,20.5,1295,12.4,62,0.6,79,0.8
Bronx,Econ Disadv,2011,4 year August,10838,6745,62.2,6143,56.7,91.1,914,8.4,13.6,5229,48.2,77.5,602,5.6,8.9,2461,22.7,1383,12.8,148,1.4,92,0.8
Bronx,Econ Disadv,2010,4 year August,10749,6337,59,5786,53.8,91.3,897,8.3,14.2,4889,45.5,77.2,551,5.1,8.7,2569,23.9,1541,14.3,183,1.7,111,1
Bronx,Econ Disadv,2009,4 year August,12394,7129,57.5,6575,53,92.2,993,8,13.9,5582,45,78.3,554,4.5,7.8,3068,24.8,1827,14.7,226,1.8,138,1.1
Bronx,Econ Disadv,2008,4 year August,12444,6880,55.3,6398,51.4,93,945,7.6,13.7,5453,43.8,79.3,482,3.9,7,3166,25.4,1923,15.5,301,2.4,160,1.3
Bronx,Econ Disadv,2007,4 year August,12872,7566,58.8,5874,45.6,77.6,1025,8,13.5,4849,37.7,64.1,1692,13.1,22.4,3044,23.6,1777,13.8,296,2.3,174,1.4
Bronx,Econ Disadv,2006,4 year August,12429,7641,61.5,5340,43,69.9,1009,8.1,13.2,4331,34.8,56.7,2301,18.5,30.1,2603,20.9,1616,13,362,2.9,201,1.6
Bronx,Econ Disadv,2005,4 year August,11589,6944,59.9,4465,38.5,64.3,1002,8.6,14.4,3463,29.9,49.9,2479,21.4,35.7,2594,22.4,1434,12.4,342,3,275,2.4
Bronx,Econ Disadv,2014,4 year June,11100,6978,62.9,6120,55.1,87.7,973,8.8,13.9,5147,46.4,73.8,858,7.7,12.3,2617,23.6,1315,11.8,59,0.5,131,1.2
Bronx,Econ Disadv,2013,4 year June,10274,6524,63.5,5817,56.6,89.2,929,9,14.2,4888,47.6,74.9,707,6.9,10.8,2400,23.4,1166,11.3,73,0.7,103,1
Bronx,Econ Disadv,2012,4 year June,10416,6511,62.5,5917,56.8,90.9,897,8.6,13.8,5020,48.2,77.1,594,5.7,9.1,2458,23.6,1295,12.4,64,0.6,79,0.8
Bronx,Econ Disadv,2011,4 year June,10838,6344,58.5,5846,53.9,92.2,911,8.4,14.4,4935,45.5,77.8,498,4.6,7.8,2855,26.3,1383,12.8,155,1.4,92,0.8
Bronx,Econ Disadv,2010,4 year June,10749,5844,54.4,5383,50.1,92.1,887,8.3,15.2,4496,41.8,76.9,461,4.3,7.9,3060,28.5,1541,14.3,185,1.7,111,1
Bronx,Econ Disadv,2009,4 year June,12394,6444,52,6011,48.5,93.3,985,7.9,15.3,5026,40.6,78,433,3.5,6.7,3732,30.1,1828,14.7,246,2,138,1.1
Bronx,Econ Disadv,2008,4 year June,12444,6245,50.2,5872,47.2,94,939,7.5,15,4933,39.6,79,373,3,6,3790,30.5,1925,15.5,310,2.5,160,1.3
Bronx,Econ Disadv,2007,4 year June,12872,6874,53.4,5557,43.2,80.8,1018,7.9,14.8,4539,35.3,66,1317,10.2,19.2,3715,28.9,1798,14,304,2.4,168,1.3
Bronx,Econ Disadv,2006,4 year June,12429,7030,56.6,5088,40.9,72.4,1000,8,14.2,4088,32.9,58.2,1942,15.6,27.6,3194,25.7,1636,13.2,362,2.9,201,1.6
Bronx,Econ Disadv,2005,4 year June,11589,6459,55.7,4300,37.1,66.6,998,8.6,15.5,3302,28.5,51.1,2159,18.6,33.4,3078,26.6,1434,12.4,343,3,275,2.4
Bronx,Econ Disadv,2004,4 year June,10575,5527,52.3,3284,31.1,59.4,791,7.5,14.3,2493,23.6,45.1,2243,21.2,40.6,3117,29.5,1591,15,289,2.7,51,0.5
Bronx,Econ Disadv,2003,4 year June,9695,4856,50.1,2775,28.6,57.1,777,8,16,1998,20.6,41.1,2081,21.5,42.9,2650,27.3,1821,18.8,251,2.6,117,1.2
Bronx,Econ Disadv,2002,4 year June,8518,4120,48.4,2270,26.6,55.1,551,6.5,13.4,1719,20.2,41.7,1856,21.8,45,2462,28.9,1558,18.3,219,2.6,126,1.5
Bronx,Econ Disadv,2001,4 year June,8217,3831,46.6,1881,22.9,49.1,525,6.4,13.7,1356,16.5,35.4,1954,23.8,51,2244,27.3,1696,20.6,395,4.8,48,0.6
Bronx,Econ Disadv,2013,5 year August,10254,7338,71.6,6335,61.8,86.3,931,9.1,12.7,5404,52.7,73.6,1003,9.8,13.7,880,8.6,1709,16.7,207,2,119,1.2
Bronx,Econ Disadv,2012,5 year August,9972,7191,72.1,6376,63.9,88.7,896,9,12.5,5480,55,76.2,815,8.2,11.3,865,8.7,1684,16.9,132,1.3,92,0.9
Bronx,Econ Disadv,2011,5 year August,10240,7184,70.2,6437,62.9,89.6,915,8.9,12.7,5522,53.9,76.9,747,7.3,10.4,909,8.9,1844,18,198,1.9,95,0.9
Bronx,Econ Disadv,2010,5 year August,10182,6792,66.7,6106,60,89.9,884,8.7,13,5222,51.3,76.9,686,6.7,10.1,1040,10.2,2005,19.7,219,2.2,115,1.1
Bronx,Econ Disadv,2009,5 year August,11069,7190,65,6567,59.3,91.3,927,8.4,12.9,5640,51,78.4,623,5.6,8.7,1258,11.4,2232,20.2,234,2.1,146,1.3
Bronx,Econ Disadv,2008,5 year August,11863,7365,62.1,6757,57,91.7,943,7.9,12.8,5814,49,78.9,608,5.1,8.3,1367,11.5,2442,20.6,524,4.4,156,1.3
Bronx,Econ Disadv,2007,5 year August,12380,8154,65.9,6129,49.5,75.2,1027,8.3,12.6,5102,41.2,62.6,2025,16.4,24.8,751,6.1,2791,22.5,467,3.8,196,1.6
Bronx,Econ Disadv,2006,5 year August,12425,8409,67.7,5570,44.8,66.2,1013,8.2,12,4557,36.7,54.2,2839,22.8,33.8,1003,8.1,2226,17.9,618,5,160,1.3
Bronx,Econ Disadv,2013,5 year June,10254,7264,70.8,6293,61.4,86.6,931,9.1,12.8,5362,52.3,73.8,971,9.5,13.4,953,9.3,1710,16.7,207,2,119,1.2
Bronx,Econ Disadv,2012,5 year June,9972,7121,71.4,6336,63.5,89,896,9,12.6,5440,54.6,76.4,785,7.9,11,931,9.3,1688,16.9,132,1.3,92,0.9
Bronx,Econ Disadv,2011,5 year June,10240,7088,69.2,6376,62.3,90,915,8.9,12.9,5461,53.3,77,712,7,10,1003,9.8,1845,18,199,1.9,95,0.9
Bronx,Econ Disadv,2010,5 year June,10182,6679,65.6,6023,59.2,90.2,884,8.7,13.2,5139,50.5,76.9,656,6.4,9.8,1148,11.3,2008,19.7,221,2.2,115,1.1
Bronx,Econ Disadv,2009,5 year June,11069,7008,63.3,6421,58,91.6,927,8.4,13.2,5494,49.6,78.4,587,5.3,8.4,1435,13,2234,20.2,237,2.1,146,1.3
Bronx,Econ Disadv,2008,5 year June,11863,7210,60.8,6640,56,92.1,943,7.9,13.1,5697,48,79,570,4.8,7.9,1511,12.7,2447,20.6,529,4.5,156,1.3
Bronx,Econ Disadv,2007,5 year June,12380,8029,64.9,6080,49.1,75.7,1027,8.3,12.8,5053,40.8,62.9,1949,15.7,24.3,840,6.8,2823,22.8,471,3.8,196,1.6
Bronx,Econ Disadv,2006,5 year June,12425,8246,66.4,5527,44.5,67,1013,8.2,12.3,4514,36.3,54.7,2719,21.9,33,1117,9,2276,18.3,618,5,159,1.3
Bronx,Econ Disadv,2005,5 year June,11360,7668,67.5,4685,41.2,61.1,1010,8.9,13.2,3675,32.4,47.9,2983,26.3,38.9,1043,9.2,1902,16.7,521,4.6,220,1.9
Bronx,Econ Disadv,2004,5 year June,10104,6460,63.9,3512,34.8,54.4,809,8,12.5,2703,26.8,41.8,2948,29.2,45.6,1068,10.6,1911,18.9,434,4.3,231,2.3
Bronx,Econ Disadv,2003,5 year June,9695,5599,57.8,2932,30.2,52.4,785,8.1,14,2147,22.1,38.3,2667,27.5,47.6,1280,13.2,2238,23.1,448,4.6,130,1.3
Bronx,Econ Disadv,2002,5 year June,8518,4911,57.7,2452,28.8,49.9,561,6.6,11.4,1891,22.2,38.5,2497,29.3,50.8,980,11.5,2101,24.7,362,4.2,131,1.5
Bronx,Econ Disadv,2001,5 year June,8217,4566,55.6,1992,24.2,43.6,529,6.4,11.6,1463,17.8,32,2584,31.4,56.6,829,10.1,2228,27.1,537,6.5,48,0.6
Bronx,Econ Disadv,2012,6 year June,10002,7418,74.2,6509,65.1,87.7,896,9,12.1,5613,56.1,75.7,909,9.1,12.3,507,5.1,1833,18.3,147,1.5,94,0.9
Bronx,Econ Disadv,2011,6 year June,10069,7288,72.4,6502,64.6,89.2,915,9.1,12.6,5587,55.5,76.7,786,7.8,10.8,552,5.5,1919,19.1,196,1.9,108,1.1
Bronx,Econ Disadv,2010,6 year June,9930,6936,69.8,6201,62.4,89.4,884,8.9,12.7,5317,53.5,76.7,735,7.4,10.6,548,5.5,2098,21.1,226,2.3,115,1.2
Bronx,Econ Disadv,2009,6 year June,10751,7301,67.9,6641,61.8,91,927,8.6,12.7,5714,53.1,78.3,660,6.1,9,701,6.5,2349,21.8,242,2.3,151,1.4
Bronx,Econ Disadv,2008,6 year June,11321,7433,65.7,6804,60.1,91.5,943,8.3,12.7,5861,51.8,78.9,629,5.6,8.5,625,5.5,2522,22.3,593,5.2,143,1.3
Bronx,Econ Disadv,2007,6 year June,12174,8310,68.3,6212,51,74.8,1027,8.4,12.4,5185,42.6,62.4,2098,17.2,25.2,353,2.9,2821,23.2,493,4,180,1.5
Bronx,Econ Disadv,2006,6 year June,12296,8542,69.5,5606,45.6,65.6,1013,8.2,11.9,4593,37.4,53.8,2936,23.9,34.4,415,3.4,2541,20.7,535,4.4,242,2
Bronx,Econ Disadv,2005,6 year June,11252,8036,71.4,4755,42.3,59.2,1012,9,12.6,3743,33.3,46.6,3281,29.2,40.8,525,4.7,1936,17.2,561,5,187,1.7
Bronx,Econ Disadv,2004,6 year June,9970,6783,68,3573,35.8,52.7,812,8.1,12,2761,27.7,40.7,3210,32.2,47.3,643,6.4,1976,19.8,449,4.5,110,1.1
Bronx,Econ Disadv,2003,6 year June,9404,5864,62.4,2980,31.7,50.8,786,8.4,13.4,2194,23.3,37.4,2884,30.7,49.2,617,6.6,2266,24.1,464,4.9,193,2.1
Bronx,Econ Disadv,2002,6 year June,8518,5086,59.7,2477,29.1,48.7,562,6.6,11,1915,22.5,37.7,2647,31.1,52,627,7.4,2233,26.2,407,4.8,132,1.5
Bronx,Econ Disadv,2001,6 year June,8217,4745,57.7,2015,24.5,42.5,529,6.4,11.1,1486,18.1,31.3,2757,33.6,58.1,373,4.5,2458,29.9,584,7.1,48,0.6
Bronx,Not Econ Disadv,2014,4 year August,2851,1966,69,1832,64.3,93.2,610,21.4,31,1222,42.9,62.2,134,4.7,6.8,464,16.3,378,13.3,10,0.4,33,1.2
Bronx,Not Econ Disadv,2013,4 year August,3456,2219,64.2,2027,58.7,91.3,616,17.8,27.8,1411,40.8,63.6,192,5.6,8.7,696,20.1,440,12.7,50,1.4,48,1.4
Bronx,Not Econ Disadv,2012,4 year August,3422,2153,62.9,1995,58.3,92.7,608,17.8,28.2,1387,40.5,64.4,158,4.6,7.3,737,21.5,462,13.5,38,1.1,31,0.9
Bronx,Not Econ Disadv,2011,4 year August,3440,2076,60.3,1930,56.1,93,580,16.9,27.9,1350,39.2,65,146,4.2,7,782,22.7,483,14,59,1.7,34,1
Bronx,Not Econ Disadv,2010,4 year August,3480,2068,59.4,1909,54.9,92.3,578,16.6,27.9,1331,38.2,64.4,159,4.6,7.7,849,24.4,472,13.6,57,1.6,33,0.9
Bronx,Not Econ Disadv,2009,4 year August,2755,1583,57.5,1490,54.1,94.1,587,21.3,37.1,903,32.8,57,93,3.4,5.9,569,20.7,509,18.5,47,1.7,45,1.6
Bronx,Not Econ Disadv,2008,4 year August,3155,1767,56,1647,52.2,93.2,612,19.4,34.6,1035,32.8,58.6,120,3.8,6.8,755,23.9,520,16.5,53,1.7,57,1.8
Bronx,Not Econ Disadv,2007,4 year August,3115,1628,52.3,1423,45.7,87.4,562,18,34.5,861,27.6,52.9,205,6.6,12.6,580,18.6,724,23.2,44,1.4,124,4
Bronx,Not Econ Disadv,2006,4 year August,3150,1574,50,1265,40.2,80.4,563,17.9,35.8,702,22.3,44.6,309,9.8,19.6,557,17.7,759,24.1,49,1.6,206,6.5
Bronx,Not Econ Disadv,2005,4 year August,3586,1861,51.9,1345,37.5,72.3,547,15.3,29.4,798,22.3,42.9,516,14.4,27.7,774,21.6,713,19.9,68,1.9,170,4.7
Bronx,Not Econ Disadv,2014,4 year June,2851,1886,66.2,1766,61.9,93.6,607,21.3,32.2,1159,40.7,61.5,120,4.2,6.4,544,19.1,378,13.3,10,0.4,33,1.2
Bronx,Not Econ Disadv,2013,4 year June,3456,2114,61.2,1953,56.5,92.4,615,17.8,29.1,1338,38.7,63.3,161,4.7,7.6,798,23.1,440,12.7,53,1.5,48,1.4
Bronx,Not Econ Disadv,2012,4 year June,3422,2070,60.5,1936,56.6,93.5,606,17.7,29.3,1330,38.9,64.3,134,3.9,6.5,820,24,462,13.5,38,1.1,31,0.9
Bronx,Not Econ Disadv,2011,4 year June,3440,1980,57.6,1855,53.9,93.7,580,16.9,29.3,1275,37.1,64.4,125,3.6,6.3,878,25.5,483,14,59,1.7,34,1
Bronx,Not Econ Disadv,2010,4 year June,3480,1937,55.7,1796,51.6,92.7,574,16.5,29.6,1222,35.1,63.1,141,4.1,7.3,980,28.2,472,13.6,57,1.6,33,0.9
Bronx,Not Econ Disadv,2009,4 year June,2755,1486,53.9,1409,51.1,94.8,586,21.3,39.4,823,29.9,55.4,77,2.8,5.2,665,24.1,509,18.5,48,1.7,45,1.6
Bronx,Not Econ Disadv,2008,4 year June,3155,1666,52.8,1570,49.8,94.2,610,19.3,36.6,960,30.4,57.6,96,3,5.8,855,27.1,520,16.5,54,1.7,57,1.8
Bronx,Not Econ Disadv,2007,4 year June,3115,1547,49.7,1376,44.2,88.9,561,18,36.3,815,26.2,52.7,171,5.5,11.1,657,21.1,729,23.4,45,1.4,122,3.9
Bronx,Not Econ Disadv,2006,4 year June,3150,1494,47.4,1224,38.9,81.9,558,17.7,37.3,666,21.1,44.6,270,8.6,18.1,630,20,766,24.3,49,1.6,206,6.5
Bronx,Not Econ Disadv,2005,4 year June,3586,1770,49.4,1318,36.8,74.5,546,15.2,30.8,772,21.5,43.6,452,12.6,25.5,865,24.1,713,19.9,68,1.9,170,4.7
Bronx,Not Econ Disadv,2004,4 year June,3789,1921,50.7,1341,35.4,69.8,604,15.9,31.4,737,19.5,38.4,580,15.3,30.2,1052,27.8,712,18.8,73,1.9,28,0.7
Bronx,Not Econ Disadv,2003,4 year June,3937,1533,38.9,1086,27.6,70.8,478,12.1,31.2,608,15.4,39.7,447,11.4,29.2,1608,40.8,651,16.5,68,1.7,62,1.6
Bronx,Not Econ Disadv,2002,4 year June,3514,1208,34.4,848,24.1,70.2,441,12.5,36.5,407,11.6,33.7,361,10.3,29.9,1585,45.1,582,16.6,56,1.6,65,1.8
Bronx,Not Econ Disadv,2001,4 year June,3236,1082,33.4,763,23.6,70.5,473,14.6,43.7,290,9,26.8,317,9.8,29.3,1268,39.2,742,22.9,125,3.9,19,0.6
Bronx,Not Econ Disadv,2013,5 year August,3380,2434,72,2168,64.1,89.1,619,18.3,25.4,1549,45.8,63.6,266,7.9,10.9,292,8.6,555,16.4,56,1.7,43,1.3
Bronx,Not Econ Disadv,2012,5 year August,3830,2472,64.5,2211,57.7,89.4,609,15.9,24.6,1602,41.8,64.8,261,6.8,10.6,477,12.5,693,18.1,155,4,29,0.8
Bronx,Not Econ Disadv,2011,5 year August,3947,2502,63.4,2243,56.8,89.6,582,14.7,23.3,1661,42.1,66.4,259,6.6,10.4,420,10.6,817,20.7,157,4,45,1.1
Bronx,Not Econ Disadv,2010,5 year August,3962,2538,64.1,2269,57.3,89.4,594,15,23.4,1675,42.3,66,269,6.8,10.6,478,12.1,766,19.3,134,3.4,43,1.1
Bronx,Not Econ Disadv,2009,5 year August,3902,2531,64.9,2271,58.2,89.7,654,16.8,25.8,1617,41.4,63.9,260,6.7,10.3,452,11.6,781,20,83,2.1,52,1.3
Bronx,Not Econ Disadv,2008,5 year August,3544,2214,62.5,2011,56.7,90.8,615,17.4,27.8,1396,39.4,63.1,203,5.7,9.2,394,11.1,791,22.3,84,2.4,57,1.6
Bronx,Not Econ Disadv,2007,5 year August,3418,1909,55.9,1550,45.3,81.2,565,16.5,29.6,985,28.8,51.6,359,10.5,18.8,341,10,965,28.2,116,3.4,81,2.4
Bronx,Not Econ Disadv,2006,5 year August,3564,1703,47.8,1304,36.6,76.6,564,15.8,33.1,740,20.8,43.5,399,11.2,23.4,399,11.2,1120,31.4,108,3,222,6.2
Bronx,Not Econ Disadv,2013,5 year June,3380,2423,71.7,2161,63.9,89.2,619,18.3,25.5,1542,45.6,63.6,262,7.8,10.8,303,9,555,16.4,56,1.7,43,1.3
Bronx,Not Econ Disadv,2012,5 year June,3830,2449,63.9,2199,57.4,89.8,609,15.9,24.9,1590,41.5,64.9,250,6.5,10.2,500,13.1,693,18.1,155,4,29,0.8
Bronx,Not Econ Disadv,2011,5 year June,3947,2459,62.3,2213,56.1,90,582,14.7,23.7,1631,41.3,66.3,246,6.2,10,463,11.7,817,20.7,157,4,45,1.1
Bronx,Not Econ Disadv,2010,5 year June,3962,2514,63.5,2251,56.8,89.5,594,15,23.6,1657,41.8,65.9,263,6.6,10.5,501,12.6,767,19.4,134,3.4,43,1.1
Bronx,Not Econ Disadv,2009,5 year June,3902,2499,64,2243,57.5,89.8,654,16.8,26.2,1589,40.7,63.6,256,6.6,10.2,483,12.4,782,20,83,2.1,52,1.3
Bronx,Not Econ Disadv,2008,5 year June,3544,2173,61.3,1977,55.8,91,615,17.4,28.3,1362,38.4,62.7,196,5.5,9,434,12.2,792,22.3,84,2.4,57,1.6
Bronx,Not Econ Disadv,2007,5 year June,3418,1868,54.7,1530,44.8,81.9,565,16.5,30.2,965,28.2,51.7,338,9.9,18.1,362,10.6,983,28.8,118,3.5,81,2.4
Bronx,Not Econ Disadv,2006,5 year June,3564,1676,47,1295,36.3,77.3,564,15.8,33.7,731,20.5,43.6,381,10.7,22.7,413,11.6,1136,31.9,108,3,217,6.1
Bronx,Not Econ Disadv,2005,5 year June,4087,2012,49.2,1405,34.4,69.8,551,13.5,27.4,854,20.9,42.4,607,14.9,30.2,526,12.9,1198,29.3,116,2.8,217,5.3
Bronx,Not Econ Disadv,2004,5 year June,4361,2396,54.9,1469,33.7,61.3,612,14,25.5,857,19.7,35.8,927,21.3,38.7,519,11.9,1080,24.8,140,3.2,223,5.1
Bronx,Not Econ Disadv,2003,5 year June,3937,2129,54.1,1247,31.7,58.6,486,12.3,22.8,761,19.3,35.7,882,22.4,41.4,599,15.2,973,24.7,154,3.9,67,1.7
Bronx,Not Econ Disadv,2002,5 year June,3514,1671,47.6,949,27,56.8,452,12.9,27,497,14.1,29.7,735,20.9,44,744,21.2,907,25.8,102,2.9,68,1.9
Bronx,Not Econ Disadv,2001,5 year June,3236,1492,46.1,867,26.8,58.1,493,15.2,33,374,11.6,25.1,625,19.3,41.9,583,18,950,29.4,190,5.9,19,0.6
Bronx,Not Econ Disadv,2012,6 year June,3757,2544,67.7,2257,60.1,88.7,609,16.2,23.9,1648,43.9,64.8,287,7.6,11.3,308,8.2,720,19.2,155,4.1,30,0.8
Bronx,Not Econ Disadv,2011,6 year June,4172,2651,63.5,2333,55.9,88,582,14,22,1751,42,66.1,318,7.6,12,381,9.1,923,22.1,165,4,48,1.2
Bronx,Not Econ Disadv,2010,6 year June,4175,2727,65.3,2386,57.1,87.5,594,14.2,21.8,1792,42.9,65.7,341,8.2,12.5,376,9,882,21.1,140,3.4,46,1.1
Bronx,Not Econ Disadv,2009,6 year June,4201,2771,66,2455,58.4,88.6,654,15.6,23.6,1801,42.9,65,316,7.5,11.4,363,8.6,912,21.7,94,2.2,54,1.3
Bronx,Not Econ Disadv,2008,6 year June,4040,2484,61.5,2209,54.7,88.9,615,15.2,24.8,1594,39.5,64.2,275,6.8,11.1,363,9,933,23.1,199,4.9,56,1.4
Bronx,Not Econ Disadv,2007,6 year June,3516,2054,58.4,1613,45.9,78.5,565,16.1,27.5,1048,29.8,51,441,12.5,21.5,215,6.1,1038,29.5,125,3.6,79,2.2
Bronx,Not Econ Disadv,2006,6 year June,3214,1830,56.9,1323,41.2,72.3,563,17.5,30.8,760,23.6,41.5,507,15.8,27.7,217,6.8,936,29.1,119,3.7,108,3.4
Bronx,Not Econ Disadv,2005,6 year June,4218,2103,49.9,1428,33.9,67.9,551,13.1,26.2,877,20.8,41.7,675,16,32.1,441,10.5,1328,31.5,123,2.9,201,4.8
Bronx,Not Econ Disadv,2004,6 year June,4482,2524,56.3,1492,33.3,59.1,612,13.7,24.2,880,19.6,34.9,1032,23,40.9,451,10.1,1257,28,138,3.1,91,2
Bronx,Not Econ Disadv,2003,6 year June,4277,2322,54.3,1275,29.8,54.9,486,11.4,20.9,789,18.4,34,1047,24.5,45.1,415,9.7,1215,28.4,170,4,140,3.3
Bronx,Not Econ Disadv,2002,6 year June,3514,1878,53.4,982,27.9,52.3,452,12.9,24.1,530,15.1,28.2,909,25.9,48.4,397,11.3,1022,29.1,125,3.6,70,2
Bronx,Not Econ Disadv,2001,6 year June,3236,1615,49.9,880,27.2,54.5,493,15.2,30.5,387,12,24,744,23,46.1,237,7.3,1156,35.7,207,6.4,19,0.6
Brooklyn,Econ Disadv,2014,4 year August,15900,12170,76.5,10974,69,90.2,2890,18.2,23.7,8084,50.8,66.4,1196,7.5,9.8,2515,15.8,1004,6.3,94,0.6,115,0.7
Brooklyn,Econ Disadv,2013,4 year August,14937,11360,76.1,10398,69.6,91.5,2875,19.2,25.3,7523,50.4,66.2,962,6.4,8.5,2412,16.1,989,6.6,75,0.5,93,0.6
Brooklyn,Econ Disadv,2012,4 year August,14572,10697,73.4,9890,67.9,92.5,2535,17.4,23.7,7355,50.5,68.8,807,5.5,7.5,2634,18.1,1054,7.2,91,0.6,79,0.5
Brooklyn,Econ Disadv,2011,4 year August,14852,10529,70.9,9872,66.5,93.8,2555,17.2,24.3,7317,49.3,69.5,657,4.4,6.2,2876,19.4,1203,8.1,126,0.8,106,0.7
Brooklyn,Econ Disadv,2010,4 year August,15027,10280,68.4,9584,63.8,93.2,2414,16.1,23.5,7170,47.7,69.7,696,4.6,6.8,3241,21.6,1294,8.6,134,0.9,65,0.4
Brooklyn,Econ Disadv,2009,4 year August,15619,10360,66.3,9732,62.3,93.9,2392,15.3,23.1,7340,47,70.8,628,4,6.1,3543,22.7,1404,9,202,1.3,95,0.6
Brooklyn,Econ Disadv,2008,4 year August,15702,10238,65.2,9693,61.7,94.7,2455,15.6,24,7238,46.1,70.7,545,3.5,5.3,3461,22,1665,10.6,227,1.4,96,0.6
Brooklyn,Econ Disadv,2007,4 year August,15906,10440,65.6,8837,55.6,84.6,2388,15,22.9,6449,40.5,61.8,1603,10.1,15.4,3403,21.4,1671,10.5,212,1.3,164,1
Brooklyn,Econ Disadv,2006,4 year August,15169,9885,65.2,7592,50,76.8,2422,16,24.5,5170,34.1,52.3,2293,15.1,23.2,3328,21.9,1508,9.9,267,1.8,180,1.2
Brooklyn,Econ Disadv,2005,4 year August,14507,8984,61.9,6545,45.1,72.9,2360,16.3,26.3,4185,28.8,46.6,2439,16.8,27.1,3596,24.8,1381,9.5,311,2.1,235,1.6
Brooklyn,Econ Disadv,2014,4 year June,15900,11557,72.7,10530,66.2,91.1,2866,18,24.8,7664,48.2,66.3,1027,6.5,8.9,3127,19.7,1004,6.3,95,0.6,115,0.7
Brooklyn,Econ Disadv,2013,4 year June,14937,10788,72.2,9958,66.7,92.3,2857,19.1,26.5,7101,47.5,65.8,830,5.6,7.7,2983,20,989,6.6,76,0.5,93,0.6
Brooklyn,Econ Disadv,2012,4 year June,14572,10144,69.6,9460,64.9,93.3,2520,17.3,24.8,6940,47.6,68.4,684,4.7,6.7,3183,21.8,1054,7.2,94,0.6,79,0.5
Brooklyn,Econ Disadv,2011,4 year June,14852,9928,66.8,9378,63.1,94.5,2529,17,25.5,6849,46.1,69,550,3.7,5.5,3473,23.4,1204,8.1,127,0.9,106,0.7
Brooklyn,Econ Disadv,2010,4 year June,15027,9507,63.3,8919,59.4,93.8,2376,15.8,25,6543,43.5,68.8,588,3.9,6.2,4010,26.7,1294,8.6,137,0.9,65,0.4
Brooklyn,Econ Disadv,2009,4 year June,15619,9508,60.9,8980,57.5,94.4,2364,15.1,24.9,6616,42.4,69.6,528,3.4,5.6,4382,28.1,1405,9,214,1.4,95,0.6
Brooklyn,Econ Disadv,2008,4 year June,15702,9460,60.2,9014,57.4,95.3,2426,15.5,25.6,6588,42,69.6,446,2.8,4.7,4216,26.9,1672,10.6,243,1.5,96,0.6
Brooklyn,Econ Disadv,2007,4 year June,15906,9655,60.7,8367,52.6,86.7,2362,14.8,24.5,6005,37.8,62.2,1288,8.1,13.3,4158,26.1,1691,10.6,227,1.4,159,1
Brooklyn,Econ Disadv,2006,4 year June,15169,9202,60.7,7272,47.9,79,2405,15.9,26.1,4867,32.1,52.9,1930,12.7,21,4000,26.4,1519,10,267,1.8,180,1.2
Brooklyn,Econ Disadv,2005,4 year June,14507,8398,57.9,6285,43.3,74.8,2332,16.1,27.8,3953,27.2,47.1,2113,14.6,25.2,4180,28.8,1382,9.5,312,2.2,235,1.6
Brooklyn,Econ Disadv,2004,4 year June,12945,6966,53.8,4763,36.8,68.4,1918,14.8,27.5,2845,22,40.8,2203,17,31.6,3866,29.9,1700,13.1,355,2.7,58,0.4
Brooklyn,Econ Disadv,2003,4 year June,12752,7446,58.4,4929,38.7,66.2,1897,14.9,25.5,3032,23.8,40.7,2517,19.7,33.8,2917,22.9,2070,16.2,215,1.7,103,0.8
Brooklyn,Econ Disadv,2002,4 year June,11214,5336,47.6,3398,30.3,63.7,1139,10.2,21.3,2259,20.1,42.3,1943,17.3,36.4,3528,31.5,1915,17.1,228,2,181,1.6
Brooklyn,Econ Disadv,2001,4 year June,10659,5322,49.9,3041,28.5,57.1,1225,11.5,23,1816,17,34.1,2286,21.4,43,3228,30.3,1761,16.5,301,2.8,43,0.4
Brooklyn,Econ Disadv,2013,5 year August,14767,11928,80.8,10707,72.5,89.8,2870,19.4,24.1,7837,53.1,65.7,1221,8.3,10.2,1070,7.2,1466,9.9,183,1.2,116,0.8
Brooklyn,Econ Disadv,2012,5 year August,14004,11221,80.1,10239,73.1,91.2,2535,18.1,22.6,7704,55,68.7,982,7,8.8,1062,7.6,1470,10.5,143,1,96,0.7
Brooklyn,Econ Disadv,2011,5 year August,14115,11034,78.2,10252,72.6,92.9,2549,18.1,23.1,7703,54.6,69.8,782,5.5,7.1,1165,8.3,1623,11.5,162,1.1,117,0.8
Brooklyn,Econ Disadv,2010,5 year August,14118,10792,76.4,9969,70.6,92.4,2396,17,22.2,7573,53.6,70.2,823,5.8,7.6,1271,9,1783,12.6,177,1.3,79,0.6
Brooklyn,Econ Disadv,2009,5 year August,13423,9685,72.2,8989,67,92.8,1727,12.9,17.8,7262,54.1,75,696,5.2,7.2,1510,11.2,1898,14.1,192,1.4,119,0.9
Brooklyn,Econ Disadv,2008,5 year August,15006,10628,70.8,9978,66.5,93.9,2442,16.3,23,7536,50.2,70.9,650,4.3,6.1,1627,10.8,2176,14.5,440,2.9,116,0.8
Brooklyn,Econ Disadv,2007,5 year August,15255,11217,73.5,9204,60.3,82.1,2394,15.7,21.3,6810,44.6,60.7,2013,13.2,17.9,875,5.7,2584,16.9,367,2.4,196,1.3
Brooklyn,Econ Disadv,2006,5 year August,14753,10887,73.8,7975,54.1,73.3,2438,16.5,22.4,5537,37.5,50.9,2912,19.7,26.7,1060,7.2,2278,15.4,366,2.5,153,1
Brooklyn,Econ Disadv,2013,5 year June,14767,11802,79.9,10633,72,90.1,2869,19.4,24.3,7764,52.6,65.8,1169,7.9,9.9,1190,8.1,1470,10,185,1.3,116,0.8
Brooklyn,Econ Disadv,2012,5 year June,14004,11092,79.2,10152,72.5,91.5,2535,18.1,22.9,7617,54.4,68.7,940,6.7,8.5,1188,8.5,1472,10.5,143,1,96,0.7
Brooklyn,Econ Disadv,2011,5 year June,14115,10916,77.3,10163,72,93.1,2548,18.1,23.3,7615,53.9,69.8,753,5.3,6.9,1275,9,1626,11.5,163,1.2,117,0.8
Brooklyn,Econ Disadv,2010,5 year June,14118,10645,75.4,9849,69.8,92.5,2395,17,22.5,7454,52.8,70,796,5.6,7.5,1408,10,1793,12.7,177,1.3,79,0.6
Brooklyn,Econ Disadv,2009,5 year June,13423,9487,70.7,8836,65.8,93.1,1726,12.9,18.2,7110,53,74.9,651,4.8,6.9,1695,12.6,1906,14.2,196,1.5,119,0.9
Brooklyn,Econ Disadv,2008,5 year June,15006,10441,69.6,9821,65.4,94.1,2440,16.3,23.4,7381,49.2,70.7,620,4.1,5.9,1795,12,2190,14.6,445,3,116,0.8
Brooklyn,Econ Disadv,2007,5 year June,15255,11076,72.6,9143,59.9,82.5,2394,15.7,21.6,6749,44.2,60.9,1933,12.7,17.5,987,6.5,2610,17.1,370,2.4,196,1.3
Brooklyn,Econ Disadv,2006,5 year June,14753,10713,72.6,7925,53.7,74,2438,16.5,22.8,5487,37.2,51.2,2788,18.9,26,1213,8.2,2303,15.6,366,2.5,151,1
Brooklyn,Econ Disadv,2005,5 year June,13793,9827,71.2,6880,49.9,70,2386,17.3,24.3,4494,32.6,45.7,2947,21.4,30,1202,8.7,2132,15.5,428,3.1,199,1.4
Brooklyn,Econ Disadv,2004,5 year June,12207,7963,65.2,5097,41.8,64,1941,15.9,24.4,3156,25.9,39.6,2866,23.5,36,1364,11.2,2104,17.2,478,3.9,297,2.4
Brooklyn,Econ Disadv,2003,5 year June,12752,8249,64.7,5157,40.4,62.5,1925,15.1,23.3,3232,25.3,39.2,3092,24.2,37.5,1325,10.4,2631,20.6,404,3.2,142,1.1
Brooklyn,Econ Disadv,2002,5 year June,11214,6676,59.5,3776,33.7,56.6,1203,10.7,18,2573,22.9,38.5,2928,26.1,43.9,1122,10,2806,25,403,3.6,181,1.6
Brooklyn,Econ Disadv,2001,5 year June,10659,6166,57.8,3281,30.8,53.2,1264,11.9,20.5,2017,18.9,32.7,2890,27.1,46.9,1333,12.5,2643,24.8,464,4.4,43,0.4
Brooklyn,Econ Disadv,2012,6 year June,14012,11453,81.7,10385,74.1,90.7,2535,18.1,22.1,7850,56,68.5,1068,7.6,9.3,609,4.3,1666,11.9,166,1.2,102,0.7
Brooklyn,Econ Disadv,2011,6 year June,13821,11225,81.2,10393,75.2,92.6,2549,18.4,22.7,7844,56.8,69.9,832,6,7.4,580,4.2,1709,12.4,170,1.2,125,0.9
Brooklyn,Econ Disadv,2010,6 year June,13749,10930,79.5,10056,73.1,92,2396,17.4,21.9,7660,55.7,70.1,874,6.4,8,652,4.7,1894,13.8,182,1.3,75,0.5
Brooklyn,Econ Disadv,2009,6 year June,12984,9859,75.9,9120,70.2,92.5,1727,13.3,17.5,7393,56.9,75,739,5.7,7.5,783,6,2012,15.5,193,1.5,121,0.9
Brooklyn,Econ Disadv,2008,6 year June,14374,10772,74.9,10068,70,93.5,2438,17,22.6,7630,53.1,70.8,704,4.9,6.5,732,5.1,2250,15.7,483,3.4,114,0.8
Brooklyn,Econ Disadv,2007,6 year June,15031,11404,75.9,9272,61.7,81.3,2397,15.9,21,6875,45.7,60.3,2132,14.2,18.7,441,2.9,2616,17.4,393,2.6,164,1.1
Brooklyn,Econ Disadv,2006,6 year June,14667,11132,75.9,8046,54.9,72.3,2438,16.6,21.9,5608,38.2,50.4,3086,21,27.7,411,2.8,2503,17.1,381,2.6,225,1.5
Brooklyn,Econ Disadv,2005,6 year June,13528,10269,75.9,7012,51.8,68.3,2386,17.6,23.2,4626,34.2,45,3257,24.1,31.7,475,3.5,2178,16.1,437,3.2,164,1.2
Brooklyn,Econ Disadv,2004,6 year June,12007,8390,69.9,5210,43.4,62.1,1942,16.2,23.1,3268,27.2,39,3180,26.5,37.9,698,5.8,2305,19.2,470,3.9,139,1.2
Brooklyn,Econ Disadv,2003,6 year June,12477,8562,68.6,5236,42,61.2,1926,15.4,22.5,3310,26.5,38.7,3326,26.7,38.8,557,4.5,2710,21.7,423,3.4,224,1.8
Brooklyn,Econ Disadv,2002,6 year June,11214,6957,62,3821,34.1,54.9,1203,10.7,17.3,2618,23.3,37.6,3164,28.2,45.5,560,5,3038,27.1,442,3.9,191,1.7
Brooklyn,Econ Disadv,2001,6 year June,10659,6549,61.4,3355,31.5,51.2,1272,11.9,19.4,2083,19.5,31.8,3210,30.1,49,518,4.9,3019,28.3,520,4.9,43,0.4
Brooklyn,Not Econ Disadv,2014,4 year August,4666,3583,76.8,3358,72,93.7,1281,27.5,35.8,2077,44.5,58,225,4.8,6.3,664,14.2,374,8,8,0.2,36,0.8
Brooklyn,Not Econ Disadv,2013,4 year August,5159,3594,69.7,3366,65.2,93.7,1156,22.4,32.2,2210,42.8,61.5,228,4.4,6.3,962,18.6,508,9.8,43,0.8,48,0.9
Brooklyn,Not Econ Disadv,2012,4 year August,6251,4463,71.4,4220,67.5,94.6,1291,20.7,28.9,2929,46.9,65.6,243,3.9,5.4,1147,18.3,529,8.5,44,0.7,60,1
Brooklyn,Not Econ Disadv,2011,4 year August,5819,4109,70.6,3949,67.9,96.1,1232,21.2,30,2717,46.7,66.1,160,2.7,3.9,1110,19.1,519,8.9,51,0.9,28,0.5
Brooklyn,Not Econ Disadv,2010,4 year August,6007,4159,69.2,3962,66,95.3,1285,21.4,30.9,2677,44.6,64.4,197,3.3,4.7,1189,19.8,572,9.5,37,0.6,43,0.7
Brooklyn,Not Econ Disadv,2009,4 year August,6314,4153,65.8,4004,63.4,96.4,1298,20.6,31.3,2706,42.9,65.2,149,2.4,3.6,1249,19.8,782,12.4,61,1,62,1
Brooklyn,Not Econ Disadv,2008,4 year August,6518,4191,64.3,4037,61.9,96.3,1247,19.1,29.8,2790,42.8,66.6,154,2.4,3.7,1349,20.7,828,12.7,86,1.3,56,0.9
Brooklyn,Not Econ Disadv,2007,4 year August,6689,4068,60.8,3480,52,85.5,1195,17.9,29.4,2285,34.2,56.2,588,8.8,14.5,1250,18.7,1137,17,64,1,159,2.4
Brooklyn,Not Econ Disadv,2006,4 year August,7008,4158,59.3,3353,47.8,80.6,1341,19.1,32.3,2012,28.7,48.4,805,11.5,19.4,1320,18.8,1208,17.2,77,1.1,238,3.4
Brooklyn,Not Econ Disadv,2005,4 year August,7824,4524,57.8,3361,43,74.3,1307,16.7,28.9,2054,26.3,45.4,1163,14.9,25.7,1821,23.3,1196,15.3,95,1.2,188,2.4
Brooklyn,Not Econ Disadv,2014,4 year June,4666,3448,73.9,3246,69.6,94.1,1277,27.4,37,1969,42.2,57.1,202,4.3,5.9,799,17.1,374,8,8,0.2,36,0.8
Brooklyn,Not Econ Disadv,2013,4 year June,5159,3416,66.2,3223,62.5,94.4,1147,22.2,33.6,2076,40.2,60.8,193,3.7,5.6,1140,22.1,508,9.8,43,0.8,48,0.9
Brooklyn,Not Econ Disadv,2012,4 year June,6251,4262,68.2,4052,64.8,95.1,1286,20.6,30.2,2766,44.2,64.9,210,3.4,4.9,1347,21.5,529,8.5,45,0.7,60,1
Brooklyn,Not Econ Disadv,2011,4 year June,5819,3919,67.3,3786,65.1,96.6,1225,21.1,31.3,2561,44,65.3,133,2.3,3.4,1299,22.3,520,8.9,51,0.9,28,0.5
Brooklyn,Not Econ Disadv,2010,4 year June,6007,3914,65.2,3743,62.3,95.6,1267,21.1,32.4,2476,41.2,63.3,171,2.8,4.4,1434,23.9,572,9.5,37,0.6,43,0.7
Brooklyn,Not Econ Disadv,2009,4 year June,6314,3868,61.3,3747,59.3,96.9,1283,20.3,33.2,2464,39,63.7,121,1.9,3.1,1528,24.2,784,12.4,65,1,62,1
Brooklyn,Not Econ Disadv,2008,4 year June,6518,3904,59.9,3771,57.9,96.6,1234,18.9,31.6,2537,38.9,65,133,2,3.4,1631,25,831,12.7,88,1.4,56,0.9
Brooklyn,Not Econ Disadv,2007,4 year June,6689,3790,56.7,3317,49.6,87.5,1177,17.6,31.1,2140,32,56.5,473,7.1,12.5,1511,22.6,1154,17.3,70,1,153,2.3
Brooklyn,Not Econ Disadv,2006,4 year June,7008,3838,54.8,3168,45.2,82.5,1312,18.7,34.2,1856,26.5,48.4,670,9.6,17.5,1636,23.3,1212,17.3,77,1.1,238,3.4
Brooklyn,Not Econ Disadv,2005,4 year June,7824,4205,53.7,3203,40.9,76.2,1286,16.4,30.6,1917,24.5,45.6,1002,12.8,23.8,2140,27.4,1196,15.3,95,1.2,188,2.4
Brooklyn,Not Econ Disadv,2004,4 year June,9408,5337,56.7,4109,43.7,77,1823,19.4,34.2,2286,24.3,42.8,1228,13.1,23,2621,27.9,1273,13.5,120,1.3,55,0.6
Brooklyn,Not Econ Disadv,2003,4 year June,8582,3618,42.2,2782,32.4,76.9,1342,15.6,37.1,1440,16.8,39.8,836,9.7,23.1,3654,42.6,1128,13.1,84,1,77,0.9
Brooklyn,Not Econ Disadv,2002,4 year June,9594,5001,52.1,3652,38.1,73,1726,18,34.5,1926,20.1,38.5,1355,14.1,27.1,2840,29.6,1454,15.2,95,1,143,1.5
Brooklyn,Not Econ Disadv,2001,4 year June,9302,4436,47.7,3136,33.7,70.7,1604,17.2,36.2,1532,16.5,34.5,1305,14,29.4,2873,30.9,1786,19.2,182,2,22,0.2
Brooklyn,Not Econ Disadv,2013,5 year August,5192,4033,77.7,3701,71.3,91.8,1170,22.5,29,2531,48.7,62.8,332,6.4,8.2,431,8.3,627,12.1,51,1,50,1
Brooklyn,Not Econ Disadv,2012,5 year August,6779,5062,74.7,4682,69.1,92.5,1299,19.2,25.7,3383,49.9,66.8,380,5.6,7.5,621,9.2,839,12.4,182,2.7,65,1
Brooklyn,Not Econ Disadv,2011,5 year August,6518,4817,73.9,4515,69.3,93.7,1247,19.1,25.9,3268,50.1,67.8,302,4.6,6.3,576,8.8,894,13.7,177,2.7,53,0.8
Brooklyn,Not Econ Disadv,2010,5 year August,6792,4984,73.4,4634,68.2,93,1315,19.4,26.4,3319,48.9,66.6,350,5.2,7,681,10,940,13.8,121,1.8,55,0.8
Brooklyn,Not Econ Disadv,2009,5 year August,8370,6199,74.1,5863,70,94.6,1975,23.6,31.9,3888,46.5,62.7,336,4,5.4,781,9.3,1202,14.4,105,1.3,77,0.9
Brooklyn,Not Econ Disadv,2008,5 year August,7023,5049,71.9,4795,68.3,95,1282,18.3,25.4,3513,50,69.6,254,3.6,5,636,9.1,1157,16.5,109,1.6,61,0.9
Brooklyn,Not Econ Disadv,2007,5 year August,7100,4632,65.2,3760,53,81.2,1204,17,26,2556,36,55.2,872,12.3,18.8,521,7.3,1631,23,189,2.7,118,1.7
Brooklyn,Not Econ Disadv,2006,5 year August,7586,4631,61,3551,46.8,76.7,1350,17.8,29.2,2201,29,47.5,1080,14.2,23.3,634,8.4,1824,24,228,3,254,3.3
Brooklyn,Not Econ Disadv,2013,5 year June,5192,4013,77.3,3690,71.1,92,1170,22.5,29.2,2520,48.5,62.8,323,6.2,8,449,8.6,629,12.1,51,1,50,1
Brooklyn,Not Econ Disadv,2012,5 year June,6779,5014,74,4650,68.6,92.7,1299,19.2,25.9,3351,49.4,66.8,364,5.4,7.3,665,9.8,842,12.4,182,2.7,65,1
Brooklyn,Not Econ Disadv,2011,5 year June,6518,4763,73.1,4473,68.6,93.9,1247,19.1,26.2,3226,49.5,67.7,290,4.4,6.1,628,9.6,896,13.7,177,2.7,53,0.8
Brooklyn,Not Econ Disadv,2010,5 year June,6792,4934,72.6,4598,67.7,93.2,1315,19.4,26.7,3283,48.3,66.5,336,4.9,6.8,726,10.7,945,13.9,121,1.8,55,0.8
Brooklyn,Not Econ Disadv,2009,5 year June,8370,6118,73.1,5795,69.2,94.7,1975,23.6,32.3,3820,45.6,62.4,323,3.9,5.3,855,10.2,1207,14.4,107,1.3,77,0.9
Brooklyn,Not Econ Disadv,2008,5 year June,7023,4968,70.7,4723,67.3,95.1,1278,18.2,25.7,3445,49.1,69.3,245,3.5,4.9,706,10.1,1165,16.6,110,1.6,61,0.9
Brooklyn,Not Econ Disadv,2007,5 year June,7100,4551,64.1,3726,52.5,81.9,1204,17,26.5,2522,35.5,55.4,825,11.6,18.1,578,8.1,1654,23.3,190,2.7,118,1.7
Brooklyn,Not Econ Disadv,2006,5 year June,7586,4560,60.1,3531,46.5,77.4,1350,17.8,29.6,2181,28.8,47.8,1029,13.6,22.6,687,9.1,1847,24.3,228,3,249,3.3
Brooklyn,Not Econ Disadv,2005,5 year June,8580,5071,59.1,3597,41.9,70.9,1338,15.6,26.4,2259,26.3,44.5,1474,17.2,29.1,822,9.6,2142,25,207,2.4,324,3.8
Brooklyn,Not Econ Disadv,2004,5 year June,10219,6505,63.7,4531,44.3,69.7,1858,18.2,28.6,2673,26.2,41.1,1974,19.3,30.3,1113,10.9,2008,19.6,219,2.1,370,3.6
Brooklyn,Not Econ Disadv,2003,5 year June,8582,4972,57.9,3298,38.4,66.3,1395,16.3,28.1,1903,22.2,38.3,1674,19.5,33.7,1216,14.2,2076,24.2,192,2.2,105,1.2
Brooklyn,Not Econ Disadv,2002,5 year June,9594,5700,59.4,3881,40.5,68.1,1762,18.4,30.9,2119,22.1,37.2,1858,19.4,32.6,1607,16.8,1899,19.8,181,1.9,144,1.5
Brooklyn,Not Econ Disadv,2001,5 year June,9302,5549,59.7,3400,36.6,61.3,1652,17.8,29.8,1748,18.8,31.5,2162,23.2,39,822,8.8,2627,28.2,259,2.8,22,0.2
Brooklyn,Not Econ Disadv,2012,6 year June,6711,5161,76.9,4748,70.7,92,1299,19.4,25.2,3449,51.4,66.8,413,6.2,8,402,6,889,13.2,183,2.7,66,1
Brooklyn,Not Econ Disadv,2011,6 year June,6800,5044,74.2,4671,68.7,92.6,1247,18.3,24.7,3424,50.4,67.9,373,5.5,7.4,473,7,1027,15.1,201,3,53,0.8
Brooklyn,Not Econ Disadv,2010,6 year June,7108,5270,74.1,4844,68.1,91.9,1317,18.5,25,3527,49.6,66.9,426,6,8.1,535,7.5,1082,15.2,149,2.1,59,0.8
Brooklyn,Not Econ Disadv,2009,6 year June,8759,6571,75,6153,70.2,93.6,1976,22.6,30.1,4177,47.7,63.6,418,4.8,6.4,576,6.6,1399,16,122,1.4,80,0.9
Brooklyn,Not Econ Disadv,2008,6 year June,7604,5372,70.6,5057,66.5,94.1,1286,16.9,23.9,3771,49.6,70.2,315,4.1,5.9,585,7.7,1313,17.3,261,3.4,64,0.8
Brooklyn,Not Econ Disadv,2007,6 year June,7226,4860,67.3,3861,53.4,79.4,1204,16.7,24.8,2657,36.8,54.7,999,13.8,20.6,347,4.8,1694,23.4,196,2.7,123,1.7
Brooklyn,Not Econ Disadv,2006,6 year June,7372,4832,65.5,3621,49.1,74.9,1350,18.3,27.9,2271,30.8,47,1211,16.4,25.1,354,4.8,1750,23.7,251,3.4,174,2.4
Brooklyn,Not Econ Disadv,2005,6 year June,8787,5339,60.8,3665,41.7,68.6,1339,15.2,25.1,2326,26.5,43.6,1674,19.1,31.4,499,5.7,2385,27.1,240,2.7,302,3.4
Brooklyn,Not Econ Disadv,2004,6 year June,10390,6881,66.2,4626,44.5,67.2,1859,17.9,27,2767,26.6,40.2,2255,21.7,32.8,620,6,2417,23.3,232,2.2,219,2.1
Brooklyn,Not Econ Disadv,2003,6 year June,8856,5352,60.4,3393,38.3,63.4,1397,15.8,26.1,1996,22.5,37.3,1959,22.1,36.6,594,6.7,2453,27.7,219,2.5,217,2.5
Brooklyn,Not Econ Disadv,2002,6 year June,9594,6141,64,3970,41.4,64.6,1766,18.4,28.8,2204,23,35.9,2210,23,36,692,7.2,2321,24.2,225,2.3,152,1.6
Brooklyn,Not Econ Disadv,2001,6 year June,9302,5739,61.7,3437,36.9,59.9,1655,17.8,28.8,1782,19.2,31.1,2322,25,40.5,389,4.2,2847,30.6,282,3,22,0.2
District 79,Econ Disadv,2006,4 year August,8,0,0,0,0,,0,0,,0,0,,0,0,,2,25,6,75,0,0,0,0
District 79,Econ Disadv,2005,4 year August,45,5,11.1,2,4.4,40,0,0,0,2,4.4,40,3,6.7,60,7,15.6,32,71.1,0,0,1,2.2
District 79,Econ Disadv,2006,4 year June,8,0,0,0,0,,0,0,,0,0,,0,0,,2,25,6,75,0,0,0,0
District 79,Econ Disadv,2005,4 year June,45,5,11.1,2,4.4,40,0,0,0,2,4.4,40,3,6.7,60,7,15.6,32,71.1,0,0,1,2.2
District 79,Econ Disadv,2004,4 year June,200,55,27.5,27,13.5,49.1,12,6,21.8,15,7.5,27.3,28,14,50.9,60,30,82,41,3,1.5,0,0
District 79,Econ Disadv,2003,4 year June,1113,487,43.8,205,18.4,42.1,57,5.1,11.7,148,13.3,30.4,282,25.3,57.9,135,12.1,474,42.6,16,1.4,1,0.1
District 79,Econ Disadv,2002,4 year June,2103,333,15.8,91,4.3,27.3,8,0.4,2.4,83,3.9,24.9,242,11.5,72.7,1131,53.8,626,29.8,10,0.5,3,0.1
District 79,Econ Disadv,2001,4 year June,3225,425,13.2,52,1.6,12.2,1,0,0.2,51,1.6,12,374,11.6,88,1485,46,1284,39.8,21,0.7,9,0.3
District 79,Econ Disadv,2005,5 year June,50,3,6,2,4,66.7,0,0,0,2,4,66.7,1,2,33.3,12,24,34,68,0,0,1,2
District 79,Econ Disadv,2004,5 year June,182,55,30.2,27,14.8,49.1,12,6.6,21.8,15,8.2,27.3,28,15.4,50.9,40,22,84,46.2,3,1.6,0,0
District 79,Econ Disadv,2003,5 year June,1113,487,43.8,205,18.4,42.1,57,5.1,11.7,148,13.3,30.4,282,25.3,57.9,135,12.1,474,42.6,16,1.4,1,0.1
District 79,Econ Disadv,2002,5 year June,2103,954,45.4,219,10.4,23,21,1,2.2,198,9.4,20.8,739,35.1,77.5,150,7.1,972,46.2,24,1.1,3,0.1
District 79,Econ Disadv,2001,5 year June,3225,829,25.7,101,3.1,12.2,3,0.1,0.4,98,3,11.8,731,22.7,88.2,829,25.7,1524,47.3,33,1,9,0.3
District 79,Econ Disadv,2004,6 year June,202,55,27.2,27,13.4,49.1,12,5.9,21.8,15,7.4,27.3,28,13.9,50.9,60,29.7,84,41.6,3,1.5,0,0
District 79,Econ Disadv,2003,6 year June,1102,487,44.2,205,18.6,42.1,57,5.2,11.7,148,13.4,30.4,282,25.6,57.9,124,11.3,469,42.6,16,1.5,6,0.5
District 79,Econ Disadv,2002,6 year June,2103,954,45.4,219,10.4,23,21,1,2.2,198,9.4,20.8,739,35.1,77.5,150,7.1,972,46.2,24,1.1,3,0.1
District 79,Econ Disadv,2001,6 year June,3225,1101,34.1,150,4.7,13.6,4,0.1,0.4,146,4.5,13.3,960,29.8,87.2,340,10.5,1723,53.4,51,1.6,9,0.3
District 79,Not Econ Disadv,2006,4 year August,5,0,0,0,0,,0,0,,0,0,,0,0,,1,20,4,80,0,0,0,0
District 79,Not Econ Disadv,2005,4 year August,13,1,7.7,1,7.7,100,0,0,0,1,7.7,100,0,0,0,6,46.2,6,46.2,0,0,0,0
District 79,Not Econ Disadv,2006,4 year June,5,0,0,0,0,,0,0,,0,0,,0,0,,1,20,4,80,0,0,0,0
District 79,Not Econ Disadv,2005,4 year June,13,1,7.7,1,7.7,100,0,0,0,1,7.7,100,0,0,0,6,46.2,6,46.2,0,0,0,0
District 79,Not Econ Disadv,2004,4 year June,98,17,17.3,9,9.2,52.9,0,0,0,9,9.2,52.9,8,8.2,47.1,40,40.8,41,41.8,0,0,0,0
District 79,Not Econ Disadv,2003,4 year June,1297,170,13.1,83,6.4,48.8,0,0,0,83,6.4,48.8,87,6.7,51.2,361,27.8,739,57,24,1.9,3,0.2
District 79,Not Econ Disadv,2002,4 year June,3709,218,5.9,52,1.4,23.9,0,0,0,52,1.4,23.9,166,4.5,76.1,809,21.8,2638,71.1,41,1.1,3,0.1
District 79,Not Econ Disadv,2001,4 year June,5951,182,3.1,8,0.1,4.4,0,0,0,8,0.1,4.4,175,2.9,96.2,1702,28.6,3993,67.1,73,1.2,0,0
District 79,Not Econ Disadv,2005,5 year June,14,1,7.1,1,7.1,100,0,0,0,1,7.1,100,0,0,0,6,42.9,7,50,0,0,0,0
District 79,Not Econ Disadv,2004,5 year June,95,17,17.9,9,9.5,52.9,0,0,0,9,9.5,52.9,8,8.4,47.1,33,34.7,43,45.3,0,0,2,2.1
District 79,Not Econ Disadv,2003,5 year June,1297,170,13.1,83,6.4,48.8,0,0,0,83,6.4,48.8,87,6.7,51.2,361,27.8,739,57,24,1.9,3,0.2
District 79,Not Econ Disadv,2002,5 year June,3709,426,11.5,114,3.1,26.8,0,0,0,114,3.1,26.8,313,8.4,73.5,410,11.1,2825,76.2,45,1.2,3,0.1
District 79,Not Econ Disadv,2001,5 year June,5951,449,7.5,32,0.5,7.1,1,0,0.2,31,0.5,6.9,418,7,93.1,1268,21.3,4150,69.7,82,1.4,0,0
District 79,Not Econ Disadv,2004,6 year June,109,17,15.6,9,8.3,52.9,0,0,0,9,8.3,52.9,8,7.3,47.1,44,40.4,48,44,0,0,0,0
District 79,Not Econ Disadv,2003,6 year June,1292,170,13.2,83,6.4,48.8,0,0,0,83,6.4,48.8,87,6.7,51.2,358,27.7,737,57,24,1.9,3,0.2
District 79,Not Econ Disadv,2002,6 year June,3709,426,11.5,114,3.1,26.8,0,0,0,114,3.1,26.8,313,8.4,73.5,410,11.1,2825,76.2,45,1.2,3,0.1
District 79,Not Econ Disadv,2001,6 year June,5951,603,10.1,61,1,10.1,1,0,0.2,60,1,10,544,9.1,90.2,1016,17.1,4244,71.3,86,1.4,0,0
Manhattan,Econ Disadv,2014,4 year August,10867,8124,74.8,7427,68.3,91.4,2007,18.5,24.7,5420,49.9,66.7,697,6.4,8.6,1832,16.9,762,7,37,0.3,109,1
Manhattan,Econ Disadv,2013,4 year August,10115,7485,74,6893,68.1,92.1,1888,18.7,25.2,5005,49.5,66.9,592,5.9,7.9,1795,17.7,713,7,41,0.4,74,0.7
Manhattan,Econ Disadv,2012,4 year August,10308,7615,73.9,7125,69.1,93.6,1773,17.2,23.3,5352,51.9,70.3,490,4.8,6.4,1790,17.4,770,7.5,48,0.5,76,0.7
Manhattan,Econ Disadv,2011,4 year August,10379,7311,70.4,6853,66,93.7,1764,17,24.1,5089,49,69.6,458,4.4,6.3,2042,19.7,877,8.4,86,0.8,57,0.5
Manhattan,Econ Disadv,2010,4 year August,10827,7414,68.5,6975,64.4,94.1,1778,16.4,24,5197,48,70.1,439,4.1,5.9,2295,21.2,986,9.1,66,0.6,61,0.6
Manhattan,Econ Disadv,2009,4 year August,11867,7812,65.8,7443,62.7,95.3,1756,14.8,22.5,5687,47.9,72.8,369,3.1,4.7,2664,22.4,1183,10,110,0.9,93,0.8
Manhattan,Econ Disadv,2008,4 year August,11618,7505,64.6,7192,61.9,95.8,1770,15.2,23.6,5422,46.7,72.2,313,2.7,4.2,2529,21.8,1307,11.2,143,1.2,124,1.1
Manhattan,Econ Disadv,2007,4 year August,11624,7753,66.7,6656,57.3,85.9,1820,15.7,23.5,4836,41.6,62.4,1097,9.4,14.1,2363,20.3,1181,10.2,169,1.5,149,1.3
Manhattan,Econ Disadv,2006,4 year August,11497,7649,66.5,6120,53.2,80,1752,15.2,22.9,4368,38,57.1,1529,13.3,20,2488,21.6,1028,8.9,164,1.4,166,1.4
Manhattan,Econ Disadv,2005,4 year August,10838,7045,65,5162,47.6,73.3,1580,14.6,22.4,3582,33.1,50.8,1882,17.4,26.7,2480,22.9,971,9,165,1.5,177,1.6
Manhattan,Econ Disadv,2014,4 year June,10867,7762,71.4,7140,65.7,92,1993,18.3,25.7,5147,47.4,66.3,622,5.7,8,2194,20.2,762,7,37,0.3,109,1
Manhattan,Econ Disadv,2013,4 year June,10115,7163,70.8,6641,65.7,92.7,1872,18.5,26.1,4769,47.1,66.6,522,5.2,7.3,2116,20.9,713,7,42,0.4,74,0.7
Manhattan,Econ Disadv,2012,4 year June,10308,7282,70.6,6851,66.5,94.1,1764,17.1,24.2,5087,49.4,69.9,431,4.2,5.9,2123,20.6,770,7.5,48,0.5,76,0.7
Manhattan,Econ Disadv,2011,4 year June,10379,6944,66.9,6542,63,94.2,1752,16.9,25.2,4790,46.2,69,402,3.9,5.8,2408,23.2,877,8.4,87,0.8,57,0.5
Manhattan,Econ Disadv,2010,4 year June,10827,6933,64,6560,60.6,94.6,1759,16.2,25.4,4801,44.3,69.2,373,3.4,5.4,2773,25.6,986,9.1,67,0.6,61,0.6
Manhattan,Econ Disadv,2009,4 year June,11867,7239,61,6927,58.4,95.7,1733,14.6,23.9,5194,43.8,71.8,312,2.6,4.3,3230,27.2,1184,10,114,1,93,0.8
Manhattan,Econ Disadv,2008,4 year June,11618,7014,60.4,6748,58.1,96.2,1757,15.1,25,4991,43,71.2,266,2.3,3.8,3009,25.9,1312,11.3,149,1.3,124,1.1
Manhattan,Econ Disadv,2007,4 year June,11624,7154,61.5,6293,54.1,88,1794,15.4,25.1,4499,38.7,62.9,861,7.4,12,2937,25.3,1200,10.3,177,1.5,145,1.2
Manhattan,Econ Disadv,2006,4 year June,11497,7249,63.1,5923,51.5,81.7,1747,15.2,24.1,4176,36.3,57.6,1326,11.5,18.3,2883,25.1,1032,9,164,1.4,167,1.5
Manhattan,Econ Disadv,2005,4 year June,10838,6643,61.3,4989,46,75.1,1560,14.4,23.5,3429,31.6,51.6,1653,15.3,24.9,2881,26.6,971,9,166,1.5,177,1.6
Manhattan,Econ Disadv,2004,4 year June,10020,5628,56.2,3882,38.7,69,1554,15.5,27.6,2328,23.2,41.4,1746,17.4,31,2958,29.5,1236,12.3,163,1.6,35,0.3
Manhattan,Econ Disadv,2003,4 year June,9319,5382,57.8,3632,39,67.5,1448,15.5,26.9,2184,23.4,40.6,1750,18.8,32.5,2401,25.8,1332,14.3,142,1.5,62,0.7
Manhattan,Econ Disadv,2002,4 year June,9321,5578,59.8,3670,39.4,65.8,975,10.5,17.5,2695,28.9,48.3,1913,20.5,34.3,2201,23.6,1292,13.9,112,1.2,123,1.3
Manhattan,Econ Disadv,2001,4 year June,8935,5350,59.9,3236,36.2,60.5,940,10.5,17.6,2296,25.7,42.9,2115,23.7,39.5,1963,22,1310,14.7,255,2.9,56,0.6
Manhattan,Econ Disadv,2013,5 year August,10183,8005,78.6,7267,71.4,90.8,1895,18.6,23.7,5372,52.8,67.1,738,7.2,9.2,787,7.7,1178,11.6,84,0.8,128,1.3
Manhattan,Econ Disadv,2012,5 year August,10042,8020,79.9,7440,74.1,92.8,1773,17.7,22.1,5667,56.4,70.7,580,5.8,7.2,765,7.6,1088,10.8,61,0.6,102,1
Manhattan,Econ Disadv,2011,5 year August,10010,7797,77.9,7230,72.2,92.7,1758,17.6,22.5,5472,54.7,70.2,567,5.7,7.3,821,8.2,1194,11.9,107,1.1,78,0.8
Manhattan,Econ Disadv,2010,5 year August,10453,7912,75.7,7366,70.5,93.1,1784,17.1,22.5,5582,53.4,70.6,546,5.2,6.9,1017,9.7,1345,12.9,82,0.8,84,0.8
Manhattan,Econ Disadv,2009,5 year August,10182,7311,71.8,6884,67.6,94.2,1106,10.9,15.1,5778,56.7,79,427,4.2,5.8,1066,10.5,1559,15.3,117,1.1,123,1.2
Manhattan,Econ Disadv,2008,5 year August,11282,7951,70.5,7563,67,95.1,1779,15.8,22.4,5784,51.3,72.7,388,3.4,4.9,1204,10.7,1734,15.4,238,2.1,145,1.3
Manhattan,Econ Disadv,2007,5 year August,11462,8337,72.7,6972,60.8,83.6,1821,15.9,21.8,5151,44.9,61.8,1365,11.9,16.4,766,6.7,1913,16.7,233,2,203,1.8
Manhattan,Econ Disadv,2006,5 year August,11195,8507,76,6567,58.7,77.2,1776,15.9,20.9,4791,42.8,56.3,1940,17.3,22.8,746,6.7,1537,13.7,274,2.4,127,1.1
Manhattan,Econ Disadv,2013,5 year June,10183,7916,77.7,7207,70.8,91,1895,18.6,23.9,5312,52.2,67.1,709,7,9,874,8.6,1180,11.6,84,0.8,128,1.3
Manhattan,Econ Disadv,2012,5 year June,10042,7960,79.3,7394,73.6,92.9,1773,17.7,22.3,5621,56,70.6,566,5.6,7.1,825,8.2,1088,10.8,61,0.6,102,1
Manhattan,Econ Disadv,2011,5 year June,10010,7713,77.1,7168,71.6,92.9,1758,17.6,22.8,5410,54,70.1,545,5.4,7.1,903,9,1196,11.9,107,1.1,78,0.8
Manhattan,Econ Disadv,2010,5 year June,10453,7803,74.6,7278,69.6,93.3,1783,17.1,22.9,5495,52.6,70.4,525,5,6.7,1125,10.8,1345,12.9,83,0.8,84,0.8
Manhattan,Econ Disadv,2009,5 year June,10182,7181,70.5,6771,66.5,94.3,1105,10.9,15.4,5666,55.6,78.9,410,4,5.7,1193,11.7,1562,15.3,117,1.1,123,1.2
Manhattan,Econ Disadv,2008,5 year June,11282,7842,69.5,7470,66.2,95.3,1779,15.8,22.7,5691,50.4,72.6,372,3.3,4.7,1305,11.6,1740,15.4,239,2.1,145,1.3
Manhattan,Econ Disadv,2007,5 year June,11462,8229,71.8,6911,60.3,84,1820,15.9,22.1,5091,44.4,61.9,1318,11.5,16,853,7.4,1934,16.9,233,2,203,1.8
Manhattan,Econ Disadv,2006,5 year June,11195,8387,74.9,6507,58.1,77.6,1776,15.9,21.2,4731,42.3,56.4,1880,16.8,22.4,837,7.5,1566,14,274,2.4,126,1.1
Manhattan,Econ Disadv,2005,5 year June,10564,7744,73.3,5483,51.9,70.8,1622,15.4,20.9,3861,36.5,49.9,2261,21.4,29.2,922,8.7,1457,13.8,250,2.4,185,1.8
Manhattan,Econ Disadv,2004,5 year June,9628,6626,68.8,4249,44.1,64.1,1592,16.5,24,2657,27.6,40.1,2377,24.7,35.9,1013,10.5,1575,16.4,219,2.3,195,2
Manhattan,Econ Disadv,2003,5 year June,9319,6196,66.5,3873,41.6,62.5,1470,15.8,23.7,2403,25.8,38.8,2323,24.9,37.5,1032,11.1,1781,19.1,234,2.5,75,0.8
Manhattan,Econ Disadv,2002,5 year June,9321,6255,67.1,3903,41.9,62.4,1012,10.9,16.2,2891,31,46.2,2397,25.7,38.3,920,9.9,1788,19.2,219,2.3,124,1.3
Manhattan,Econ Disadv,2001,5 year June,8935,6076,68,3462,38.7,57,956,10.7,15.7,2506,28,41.2,2618,29.3,43.1,607,6.8,1839,20.6,352,3.9,56,0.6
Manhattan,Econ Disadv,2012,6 year June,10100,8220,81.4,7570,75,92.1,1775,17.6,21.6,5795,57.4,70.5,650,6.4,7.9,412,4.1,1279,12.7,71,0.7,113,1.1
Manhattan,Econ Disadv,2011,6 year June,9869,7916,80.2,7322,74.2,92.5,1760,17.8,22.2,5562,56.4,70.3,594,6,7.5,447,4.5,1308,13.3,112,1.1,79,0.8
Manhattan,Econ Disadv,2010,6 year June,10285,8074,78.5,7498,72.9,92.9,1783,17.3,22.1,5715,55.6,70.8,576,5.6,7.1,555,5.4,1478,14.4,81,0.8,87,0.8
Manhattan,Econ Disadv,2009,6 year June,10004,7475,74.7,7008,70.1,93.8,1106,11.1,14.8,5902,59,79,467,4.7,6.2,623,6.2,1655,16.5,122,1.2,124,1.2
Manhattan,Econ Disadv,2008,6 year June,10918,8097,74.2,7677,70.3,94.8,1779,16.3,22,5898,54,72.8,420,3.8,5.2,610,5.6,1792,16.4,266,2.4,142,1.3
Manhattan,Econ Disadv,2007,6 year June,11282,8453,74.9,7051,62.5,83.4,1821,16.1,21.5,5230,46.4,61.9,1402,12.4,16.6,415,3.7,1963,17.4,247,2.2,193,1.7
Manhattan,Econ Disadv,2006,6 year June,11257,8671,77,6643,59,76.6,1780,15.8,20.5,4863,43.2,56.1,2028,18,23.4,263,2.3,1820,16.2,265,2.4,223,2
Manhattan,Econ Disadv,2005,6 year June,10405,8097,77.8,5611,53.9,69.3,1624,15.6,20.1,3987,38.3,49.2,2486,23.9,30.7,364,3.5,1523,14.6,261,2.5,153,1.5
Manhattan,Econ Disadv,2004,6 year June,9490,6977,73.5,4352,45.9,62.4,1594,16.8,22.8,2758,29.1,39.5,2625,27.7,37.6,426,4.5,1684,17.7,226,2.4,171,1.8
Manhattan,Econ Disadv,2003,6 year June,9130,6509,71.3,3967,43.5,60.9,1473,16.1,22.6,2494,27.3,38.3,2542,27.8,39.1,405,4.4,1853,20.3,243,2.7,119,1.3
Manhattan,Econ Disadv,2002,6 year June,9321,6501,69.7,3959,42.5,60.9,1017,10.9,15.6,2942,31.6,45.3,2587,27.8,39.8,495,5.3,1945,20.9,239,2.6,126,1.4
Manhattan,Econ Disadv,2001,6 year June,8935,6218,69.6,3488,39,56.1,958,10.7,15.4,2530,28.3,40.7,2744,30.7,44.1,250,2.8,2015,22.6,391,4.4,56,0.6
Manhattan,Not Econ Disadv,2014,4 year August,4654,3778,81.2,3676,79,97.3,1507,32.4,39.9,2169,46.6,57.4,102,2.2,2.7,507,10.9,322,6.9,16,0.3,29,0.6
Manhattan,Not Econ Disadv,2013,4 year August,5165,3953,76.5,3802,73.6,96.2,1513,29.3,38.3,2289,44.3,57.9,151,2.9,3.8,751,14.5,404,7.8,14,0.3,41,0.8
Manhattan,Not Econ Disadv,2012,4 year August,5261,4022,76.4,3902,74.2,97,1429,27.2,35.5,2473,47,61.5,120,2.3,3,785,14.9,376,7.1,32,0.6,40,0.8
Manhattan,Not Econ Disadv,2011,4 year August,4981,3821,76.7,3684,74,96.4,1301,26.1,34,2383,47.8,62.4,137,2.8,3.6,773,15.5,312,6.3,38,0.8,31,0.6
Manhattan,Not Econ Disadv,2010,4 year August,4914,3694,75.2,3593,73.1,97.3,1282,26.1,34.7,2311,47,62.6,101,2.1,2.7,816,16.6,354,7.2,26,0.5,24,0.5
Manhattan,Not Econ Disadv,2009,4 year August,4424,3184,72,3117,70.5,97.9,1210,27.4,38,1907,43.1,59.9,67,1.5,2.1,765,17.3,397,9,31,0.7,41,0.9
Manhattan,Not Econ Disadv,2008,4 year August,4851,3467,71.5,3373,69.5,97.3,1250,25.8,36.1,2123,43.8,61.2,94,1.9,2.7,788,16.2,497,10.2,46,0.9,50,1
Manhattan,Not Econ Disadv,2007,4 year August,4574,3141,68.7,2882,63,91.8,1198,26.2,38.1,1684,36.8,53.6,259,5.7,8.2,603,13.2,638,13.9,42,0.9,139,3
Manhattan,Not Econ Disadv,2006,4 year August,4919,3298,67,2873,58.4,87.1,1039,21.1,31.5,1834,37.3,55.6,425,8.6,12.9,706,14.4,646,13.1,56,1.1,210,4.3
Manhattan,Not Econ Disadv,2005,4 year August,5005,3328,66.5,2706,54.1,81.3,1125,22.5,33.8,1581,31.6,47.5,622,12.4,18.7,838,16.7,626,12.5,56,1.1,157,3.1
Manhattan,Not Econ Disadv,2014,4 year June,4654,3683,79.1,3592,77.2,97.5,1502,32.3,40.8,2090,44.9,56.7,91,2,2.5,602,12.9,322,6.9,16,0.3,29,0.6
Manhattan,Not Econ Disadv,2013,4 year June,5165,3833,74.2,3703,71.7,96.6,1501,29.1,39.2,2202,42.6,57.4,130,2.5,3.4,871,16.9,404,7.8,14,0.3,41,0.8
Manhattan,Not Econ Disadv,2012,4 year June,5261,3914,74.4,3808,72.4,97.3,1422,27,36.3,2386,45.4,61,106,2,2.7,893,17,376,7.1,32,0.6,40,0.8
Manhattan,Not Econ Disadv,2011,4 year June,4981,3690,74.1,3569,71.7,96.7,1293,26,35,2276,45.7,61.7,121,2.4,3.3,903,18.1,312,6.3,38,0.8,31,0.6
Manhattan,Not Econ Disadv,2010,4 year June,4914,3554,72.3,3466,70.5,97.5,1271,25.9,35.8,2195,44.7,61.8,88,1.8,2.5,956,19.5,354,7.2,26,0.5,24,0.5
Manhattan,Not Econ Disadv,2009,4 year June,4424,3082,69.7,3023,68.3,98.1,1199,27.1,38.9,1824,41.2,59.2,59,1.3,1.9,866,19.6,397,9,32,0.7,41,0.9
Manhattan,Not Econ Disadv,2008,4 year June,4851,3324,68.5,3240,66.8,97.5,1247,25.7,37.5,1993,41.1,60,84,1.7,2.5,925,19.1,503,10.4,46,0.9,50,1
Manhattan,Not Econ Disadv,2007,4 year June,4574,2995,65.5,2774,60.6,92.6,1194,26.1,39.9,1580,34.5,52.8,221,4.8,7.4,744,16.3,646,14.1,43,0.9,134,2.9
Manhattan,Not Econ Disadv,2006,4 year June,4919,3162,64.3,2792,56.8,88.3,1034,21,32.7,1758,35.7,55.6,370,7.5,11.7,836,17,652,13.3,56,1.1,210,4.3
Manhattan,Not Econ Disadv,2005,4 year June,5005,3173,63.4,2634,52.6,83,1113,22.2,35.1,1521,30.4,47.9,539,10.8,17,993,19.8,626,12.5,56,1.1,157,3.1
Manhattan,Not Econ Disadv,2004,4 year June,5107,3152,61.7,2567,50.3,81.4,1257,24.6,39.9,1310,25.7,41.6,585,11.5,18.6,1285,25.2,606,11.9,44,0.9,19,0.4
Manhattan,Not Econ Disadv,2003,4 year June,4560,2231,48.9,1867,40.9,83.7,1079,23.7,48.4,788,17.3,35.3,364,8,16.3,1839,40.3,397,8.7,42,0.9,22,0.5
Manhattan,Not Econ Disadv,2002,4 year June,4142,2168,52.3,1827,44.1,84.3,897,21.7,41.4,930,22.5,42.9,346,8.4,16,1360,32.8,451,10.9,28,0.7,47,1.1
Manhattan,Not Econ Disadv,2001,4 year June,3735,2130,57,1727,46.2,81.1,911,24.4,42.8,816,21.8,38.3,404,10.8,19,866,23.2,652,17.5,77,2.1,9,0.2
Manhattan,Not Econ Disadv,2013,5 year August,5223,4212,80.6,4018,76.9,95.4,1529,29.3,36.3,2489,47.7,59.1,194,3.7,4.6,406,7.8,517,9.9,28,0.5,58,1.1
Manhattan,Not Econ Disadv,2012,5 year August,5591,4397,78.6,4210,75.3,95.7,1438,25.7,32.7,2772,49.6,63,187,3.3,4.3,500,8.9,568,10.2,67,1.2,55,1
Manhattan,Not Econ Disadv,2011,5 year August,5451,4253,78,4032,74,94.8,1309,24,30.8,2723,50,64,221,4.1,5.2,462,8.5,574,10.5,105,1.9,51,0.9
Manhattan,Not Econ Disadv,2010,5 year August,5379,4190,77.9,4015,74.6,95.8,1299,24.1,31,2716,50.5,64.8,175,3.3,4.2,472,8.8,604,11.2,75,1.4,36,0.7
Manhattan,Not Econ Disadv,2009,5 year August,6062,4752,78.4,4600,75.9,96.8,1885,31.1,39.7,2715,44.8,57.1,152,2.5,3.2,546,9,647,10.7,60,1,49,0.8
Manhattan,Not Econ Disadv,2008,5 year August,5240,3963,75.6,3809,72.7,96.1,1263,24.1,31.9,2546,48.6,64.2,154,2.9,3.9,396,7.6,759,14.5,52,1,60,1.1
Manhattan,Not Econ Disadv,2007,5 year August,4801,3432,71.5,3054,63.6,89,1205,25.1,35.1,1849,38.5,53.9,378,7.9,11,376,7.8,788,16.4,100,2.1,101,2.1
Manhattan,Not Econ Disadv,2006,5 year August,5241,3527,67.3,3016,57.5,85.5,1043,19.9,29.6,1973,37.6,55.9,511,9.8,14.5,324,6.2,1026,19.6,106,2,251,4.8
Manhattan,Not Econ Disadv,2013,5 year June,5223,4199,80.4,4009,76.8,95.5,1528,29.3,36.4,2481,47.5,59.1,190,3.6,4.5,418,8,517,9.9,29,0.6,58,1.1
Manhattan,Not Econ Disadv,2012,5 year June,5591,4382,78.4,4199,75.1,95.8,1438,25.7,32.8,2761,49.4,63,183,3.3,4.2,515,9.2,568,10.2,67,1.2,55,1
Manhattan,Not Econ Disadv,2011,5 year June,5451,4220,77.4,4007,73.5,95,1309,24,31,2698,49.5,63.9,213,3.9,5,494,9.1,575,10.5,105,1.9,51,0.9
Manhattan,Not Econ Disadv,2010,5 year June,5379,4153,77.2,3987,74.1,96,1299,24.1,31.3,2688,50,64.7,166,3.1,4,508,9.4,605,11.2,75,1.4,36,0.7
Manhattan,Not Econ Disadv,2009,5 year June,6062,4709,77.7,4562,75.3,96.9,1883,31.1,40,2679,44.2,56.9,147,2.4,3.1,588,9.7,648,10.7,60,1,49,0.8
Manhattan,Not Econ Disadv,2008,5 year June,5240,3922,74.8,3773,72,96.2,1263,24.1,32.2,2510,47.9,64,149,2.8,3.8,429,8.2,767,14.6,52,1,60,1.1
Manhattan,Not Econ Disadv,2007,5 year June,4801,3396,70.7,3033,63.2,89.3,1204,25.1,35.5,1829,38.1,53.9,363,7.6,10.7,405,8.4,794,16.5,101,2.1,101,2.1
Manhattan,Not Econ Disadv,2006,5 year June,5241,3502,66.8,3002,57.3,85.7,1043,19.9,29.8,1959,37.4,55.9,500,9.5,14.3,343,6.5,1040,19.8,106,2,243,4.6
Manhattan,Not Econ Disadv,2005,5 year June,5501,3594,65.3,2857,51.9,79.5,1135,20.6,31.6,1722,31.3,47.9,737,13.4,20.5,369,6.7,1153,21,102,1.9,276,5
Manhattan,Not Econ Disadv,2004,5 year June,5694,3850,67.6,2925,51.4,76,1293,22.7,33.6,1632,28.7,42.4,925,16.2,24,509,8.9,1015,17.8,102,1.8,217,3.8
Manhattan,Not Econ Disadv,2003,5 year June,4560,2967,65.1,2121,46.5,71.5,1109,24.3,37.4,1012,22.2,34.1,846,18.6,28.5,574,12.6,858,18.8,99,2.2,33,0.7
Manhattan,Not Econ Disadv,2002,5 year June,4142,2510,60.6,1971,47.6,78.5,928,22.4,37,1043,25.2,41.6,564,13.6,22.5,813,19.6,622,15,57,1.4,48,1.2
Manhattan,Not Econ Disadv,2001,5 year June,3735,2461,65.9,1847,49.5,75.1,929,24.9,37.7,918,24.6,37.3,624,16.7,25.4,310,8.3,829,22.2,125,3.3,9,0.2
Manhattan,Not Econ Disadv,2012,6 year June,5561,4475,80.5,4270,76.8,95.4,1438,25.9,32.1,2832,50.9,63.3,205,3.7,4.6,352,6.3,596,10.7,78,1.4,59,1.1
Manhattan,Not Econ Disadv,2011,6 year June,5622,4388,78.1,4134,73.5,94.2,1310,23.3,29.9,2824,50.2,64.4,254,4.5,5.8,380,6.8,682,12.1,110,2,58,1
Manhattan,Not Econ Disadv,2010,6 year June,5622,4362,77.6,4149,73.8,95.1,1300,23.1,29.8,2849,50.7,65.3,213,3.8,4.9,410,7.3,722,12.8,89,1.6,37,0.7
Manhattan,Not Econ Disadv,2009,6 year June,6333,4970,78.5,4782,75.5,96.2,1885,29.8,37.9,2897,45.7,58.3,188,3,3.8,411,6.5,802,12.7,81,1.3,60,0.9
Manhattan,Not Econ Disadv,2008,6 year June,5600,4165,74.4,3958,70.7,95,1264,22.6,30.3,2694,48.1,64.7,207,3.7,5,374,6.7,876,15.6,109,1.9,67,1.2
Manhattan,Not Econ Disadv,2007,6 year June,4968,3563,71.7,3137,63.1,88,1206,24.3,33.8,1931,38.9,54.2,426,8.6,12,285,5.7,907,18.3,106,2.1,102,2.1
Manhattan,Not Econ Disadv,2006,6 year June,5091,3642,71.5,3067,60.2,84.2,1043,20.5,28.6,2024,39.8,55.6,575,11.3,15.8,211,4.1,983,19.3,113,2.2,140,2.7
Manhattan,Not Econ Disadv,2005,6 year June,5610,3746,66.8,2931,52.2,78.2,1135,20.2,30.3,1796,32,47.9,815,14.5,21.8,192,3.4,1259,22.4,115,2,287,5.1
Manhattan,Not Econ Disadv,2004,6 year June,5849,4021,68.7,2988,51.1,74.3,1292,22.1,32.1,1696,29,42.2,1033,17.7,25.7,263,4.5,1197,20.5,115,2,237,4.1
Manhattan,Not Econ Disadv,2003,6 year June,4772,3195,67,2189,45.9,68.5,1110,23.3,34.7,1079,22.6,33.8,1006,21.1,31.5,256,5.4,1093,22.9,113,2.4,86,1.8
Manhattan,Not Econ Disadv,2002,6 year June,4142,2784,67.2,2027,48.9,72.8,931,22.5,33.4,1096,26.5,39.4,782,18.9,28.1,315,7.6,822,19.8,78,1.9,51,1.2
Manhattan,Not Econ Disadv,2001,6 year June,3735,2550,68.3,1866,50,73.2,931,24.9,36.5,935,25,36.7,702,18.8,27.5,123,3.3,921,24.7,131,3.5,9,0.2
Queens,Econ Disadv,2014,4 year August,14837,11980,80.7,11210,75.6,93.6,3573,24.1,29.8,7637,51.5,63.7,770,5.2,6.4,1975,13.3,742,5,61,0.4,79,0.5
Queens,Econ Disadv,2013,4 year August,13327,10833,81.3,10254,76.9,94.7,3115,23.4,28.8,7139,53.6,65.9,579,4.3,5.3,1732,13,648,4.9,49,0.4,58,0.4
Queens,Econ Disadv,2012,4 year August,13016,10330,79.4,9803,75.3,94.9,2824,21.7,27.3,6979,53.6,67.6,527,4,5.1,1736,13.3,837,6.4,62,0.5,41,0.3
Queens,Econ Disadv,2011,4 year August,13501,10223,75.7,9813,72.7,96,2868,21.2,28.1,6945,51.4,67.9,410,3,4,2246,16.6,887,6.6,99,0.7,41,0.3
Queens,Econ Disadv,2010,4 year August,13544,9945,73.4,9491,70.1,95.4,2821,20.8,28.4,6670,49.2,67.1,454,3.4,4.6,2423,17.9,1004,7.4,118,0.9,51,0.4
Queens,Econ Disadv,2009,4 year August,14677,10561,72,10096,68.8,95.6,3046,20.8,28.8,7050,48,66.8,465,3.2,4.4,2852,19.4,1042,7.1,132,0.9,88,0.6
Queens,Econ Disadv,2008,4 year August,13850,9805,70.8,9388,67.8,95.7,2703,19.5,27.6,6685,48.3,68.2,417,3,4.3,2773,20,1039,7.5,133,1,92,0.7
Queens,Econ Disadv,2007,4 year August,13627,9994,73.3,8565,62.9,85.7,2818,20.7,28.2,5747,42.2,57.5,1429,10.5,14.3,2307,16.9,1107,8.1,99,0.7,112,0.8
Queens,Econ Disadv,2006,4 year August,12534,8987,71.7,7184,57.3,79.9,2512,20,28,4672,37.3,52,1803,14.4,20.1,2183,17.4,1090,8.7,126,1,147,1.2
Queens,Econ Disadv,2005,4 year August,11864,7909,66.7,5937,50,75.1,2219,18.7,28.1,3718,31.3,47,1972,16.6,24.9,2339,19.7,1210,10.2,137,1.2,269,2.3
Queens,Econ Disadv,2014,4 year June,14837,11476,77.3,10828,73,94.4,3556,24,31,7272,49,63.4,648,4.4,5.6,2479,16.7,742,5,61,0.4,79,0.5
Queens,Econ Disadv,2013,4 year June,13327,10415,78.1,9908,74.3,95.1,3100,23.3,29.8,6808,51.1,65.4,507,3.8,4.9,2147,16.1,648,4.9,51,0.4,58,0.4
Queens,Econ Disadv,2012,4 year June,13016,9958,76.5,9497,73,95.4,2812,21.6,28.2,6685,51.4,67.1,461,3.5,4.6,2106,16.2,838,6.4,63,0.5,41,0.3
Queens,Econ Disadv,2011,4 year June,13501,9807,72.6,9456,70,96.4,2857,21.2,29.1,6599,48.9,67.3,351,2.6,3.6,2659,19.7,887,6.6,102,0.8,41,0.3
Queens,Econ Disadv,2010,4 year June,13544,9338,68.9,8941,66,95.7,2795,20.6,29.9,6146,45.4,65.8,397,2.9,4.3,3028,22.4,1006,7.4,118,0.9,51,0.4
Queens,Econ Disadv,2009,4 year June,14677,9782,66.6,9408,64.1,96.2,3012,20.5,30.8,6396,43.6,65.4,374,2.5,3.8,3621,24.7,1043,7.1,141,1,88,0.6
Queens,Econ Disadv,2008,4 year June,13850,9213,66.5,8850,63.9,96.1,2689,19.4,29.2,6161,44.5,66.9,363,2.6,3.9,3349,24.2,1049,7.6,139,1,92,0.7
Queens,Econ Disadv,2007,4 year June,13627,9298,68.2,8165,59.9,87.8,2790,20.5,30,5375,39.4,57.8,1133,8.3,12.2,2985,21.9,1114,8.2,114,0.8,108,0.8
Queens,Econ Disadv,2006,4 year June,12534,8380,66.9,6876,54.9,82.1,2480,19.8,29.6,4396,35.1,52.5,1504,12,17.9,2787,22.2,1093,8.7,126,1,147,1.2
Queens,Econ Disadv,2005,4 year June,11864,7432,62.6,5739,48.4,77.2,2207,18.6,29.7,3532,29.8,47.5,1693,14.3,22.8,2816,23.7,1210,10.2,137,1.2,269,2.3
Queens,Econ Disadv,2004,4 year June,9237,5150,55.8,3844,41.6,74.6,1513,16.4,29.4,2331,25.2,45.3,1306,14.1,25.4,2738,29.6,1192,12.9,132,1.4,24,0.3
Queens,Econ Disadv,2003,4 year June,9305,5829,62.6,4135,44.4,70.9,1708,18.4,29.3,2427,26.1,41.6,1694,18.2,29.1,1932,20.8,1337,14.4,119,1.3,88,0.9
Queens,Econ Disadv,2002,4 year June,8084,4300,53.2,2971,36.8,69.1,1106,13.7,25.7,1865,23.1,43.4,1330,16.5,30.9,2426,30,1070,13.2,104,1.3,122,1.5
Queens,Econ Disadv,2001,4 year June,7120,3997,56.1,2654,37.3,66.4,986,13.8,24.7,1668,23.4,41.7,1345,18.9,33.7,1835,25.8,1024,14.4,202,2.8,60,0.8
Queens,Econ Disadv,2013,5 year August,13209,11009,83.3,10345,78.3,94,3036,23,27.6,7309,55.3,66.4,664,5,6,720,5.5,1061,8,326,2.5,87,0.7
Queens,Econ Disadv,2012,5 year August,12397,10571,85.3,9999,80.7,94.6,2814,22.7,26.6,7185,58,68,572,4.6,5.4,612,4.9,1049,8.5,95,0.8,60,0.5
Queens,Econ Disadv,2011,5 year August,12540,10467,83.5,9988,79.6,95.4,2863,22.8,27.4,7125,56.8,68.1,479,3.8,4.6,666,5.3,1231,9.8,121,1,47,0.4
Queens,Econ Disadv,2010,5 year August,12608,10173,80.7,9645,76.5,94.8,2795,22.2,27.5,6850,54.3,67.3,528,4.2,5.2,839,6.7,1393,11,134,1.1,63,0.5
Queens,Econ Disadv,2009,5 year August,12146,9568,78.8,9098,74.9,95.1,2499,20.6,26.1,6599,54.3,69,470,3.9,4.9,889,7.3,1448,11.9,148,1.2,89,0.7
Queens,Econ Disadv,2008,5 year August,13168,10151,77.1,9664,73.4,95.2,2707,20.6,26.7,6957,52.8,68.5,487,3.7,4.8,1095,8.3,1506,11.4,294,2.2,111,0.8
Queens,Econ Disadv,2007,5 year August,12842,10242,79.8,8566,66.7,83.6,2728,21.2,26.6,5838,45.5,57,1676,13.1,16.4,560,4.4,1623,12.6,244,1.9,163,1.3
Queens,Econ Disadv,2006,5 year August,12253,9686,79.1,7549,61.6,77.9,2524,20.6,26.1,5025,41,51.9,2137,17.4,22.1,737,6,1448,11.8,257,2.1,121,1
Queens,Econ Disadv,2013,5 year June,13209,10924,82.7,10289,77.9,94.2,3035,23,27.8,7254,54.9,66.4,635,4.8,5.8,802,6.1,1064,8.1,326,2.5,87,0.7
Queens,Econ Disadv,2012,5 year June,12397,10498,84.7,9947,80.2,94.8,2814,22.7,26.8,7133,57.5,67.9,551,4.4,5.2,684,5.5,1050,8.5,95,0.8,60,0.5
Queens,Econ Disadv,2011,5 year June,12540,10389,82.8,9934,79.2,95.6,2863,22.8,27.6,7071,56.4,68.1,455,3.6,4.4,740,5.9,1234,9.8,122,1,47,0.4
Queens,Econ Disadv,2010,5 year June,12608,10086,80,9566,75.9,94.8,2794,22.2,27.7,6772,53.7,67.1,520,4.1,5.2,920,7.3,1399,11.1,134,1.1,63,0.5
Queens,Econ Disadv,2009,5 year June,12146,9433,77.7,8985,74,95.3,2499,20.6,26.5,6486,53.4,68.8,448,3.7,4.7,1016,8.4,1455,12,149,1.2,89,0.7
Queens,Econ Disadv,2008,5 year June,13168,9998,75.9,9534,72.4,95.4,2705,20.5,27.1,6829,51.9,68.3,464,3.5,4.6,1235,9.4,1516,11.5,296,2.2,111,0.8
Queens,Econ Disadv,2007,5 year June,12842,10139,79,8526,66.4,84.1,2728,21.2,26.9,5798,45.1,57.2,1613,12.6,15.9,640,5,1645,12.8,245,1.9,163,1.3
Queens,Econ Disadv,2006,5 year June,12253,9567,78.1,7497,61.2,78.4,2524,20.6,26.4,4973,40.6,52,2070,16.9,21.6,824,6.7,1481,12.1,257,2.1,120,1
Queens,Econ Disadv,2005,5 year June,11165,8465,75.8,6196,55.5,73.2,2241,20.1,26.5,3955,35.4,46.7,2269,20.3,26.8,780,7,1563,14,198,1.8,154,1.4
Queens,Econ Disadv,2004,5 year June,8779,6106,69.6,4274,48.7,70,1567,17.8,25.7,2707,30.8,44.3,1832,20.9,30,790,9,1481,16.9,206,2.3,195,2.2
Queens,Econ Disadv,2003,5 year June,9305,6524,70.1,4429,47.6,67.9,1742,18.7,26.7,2687,28.9,41.2,2095,22.5,32.1,788,8.5,1682,18.1,213,2.3,98,1.1
Queens,Econ Disadv,2002,5 year June,8084,5304,65.6,3412,42.2,64.3,1178,14.6,22.2,2234,27.6,42.1,1907,23.6,36,705,8.7,1667,20.6,221,2.7,125,1.5
Queens,Econ Disadv,2001,5 year June,7120,4475,62.9,2808,39.4,62.7,1003,14.1,22.4,1805,25.4,40.3,1671,23.5,37.3,823,11.6,1417,19.9,334,4.7,60,0.8
Queens,Econ Disadv,2012,6 year June,12377,10657,86.1,10049,81.2,94.3,2814,22.7,26.4,7235,58.5,67.9,608,4.9,5.7,323,2.6,1183,9.6,116,0.9,61,0.5
Queens,Econ Disadv,2011,6 year June,12286,10547,85.8,10051,81.8,95.3,2863,23.3,27.1,7188,58.5,68.2,496,4,4.7,321,2.6,1248,10.2,126,1,41,0.3
Queens,Econ Disadv,2010,6 year June,12256,10269,83.8,9709,79.2,94.5,2796,22.8,27.2,6913,56.4,67.3,560,4.6,5.5,333,2.7,1451,11.8,138,1.1,55,0.4
Queens,Econ Disadv,2009,6 year June,11803,9670,81.9,9174,77.7,94.9,2499,21.2,25.8,6675,56.6,69,496,4.2,5.1,380,3.2,1510,12.8,148,1.3,91,0.8
Queens,Econ Disadv,2008,6 year June,12638,10217,80.8,9713,76.9,95.1,2708,21.4,26.5,7005,55.4,68.6,504,4,4.9,390,3.1,1584,12.5,329,2.6,109,0.9
Queens,Econ Disadv,2007,6 year June,12865,10521,81.8,8833,68.7,84,2808,21.8,26.7,6025,46.8,57.3,1688,13.1,16,255,2,1658,12.9,264,2.1,160,1.2
Queens,Econ Disadv,2006,6 year June,12259,9874,80.5,7659,62.5,77.6,2526,20.6,25.6,5133,41.9,52,2215,18.1,22.4,215,1.8,1739,14.2,250,2,165,1.3
Queens,Econ Disadv,2005,6 year June,10956,8738,79.8,6292,57.4,72,2245,20.5,25.7,4047,36.9,46.3,2446,22.3,28,276,2.5,1595,14.6,203,1.9,140,1.3
Queens,Econ Disadv,2004,6 year June,8701,6388,73.4,4376,50.3,68.5,1570,18,24.6,2806,32.2,43.9,2012,23.1,31.5,442,5.1,1568,18,213,2.4,83,1
Queens,Econ Disadv,2003,6 year June,9139,6739,73.7,4487,49.1,66.6,1743,19.1,25.9,2744,30,40.7,2252,24.6,33.4,299,3.3,1718,18.8,228,2.5,155,1.7
Queens,Econ Disadv,2002,6 year June,8084,5474,67.7,3464,42.9,63.3,1182,14.6,21.6,2282,28.2,41.7,2025,25,37,401,5,1787,22.1,232,2.9,128,1.6
Queens,Econ Disadv,2001,6 year June,7120,4710,66.2,2878,40.4,61.1,1008,14.2,21.4,1870,26.3,39.7,1848,26,39.2,293,4.1,1689,23.7,357,5,60,0.8
Queens,Not Econ Disadv,2014,4 year August,5408,4122,76.2,3900,72.1,94.6,1481,27.4,35.9,2419,44.7,58.7,222,4.1,5.4,718,13.3,462,8.5,40,0.7,65,1.2
Queens,Not Econ Disadv,2013,4 year August,6090,4279,70.3,4076,66.9,95.3,1430,23.5,33.4,2646,43.4,61.8,203,3.3,4.7,1060,17.4,590,9.7,51,0.8,42,0.7
Queens,Not Econ Disadv,2012,4 year August,6382,4436,69.5,4229,66.3,95.3,1301,20.4,29.3,2928,45.9,66,207,3.2,4.7,1063,16.7,658,10.3,64,1,32,0.5
Queens,Not Econ Disadv,2011,4 year August,6072,4127,68,3977,65.5,96.4,1342,22.1,32.5,2635,43.4,63.8,150,2.5,3.6,1066,17.6,662,10.9,94,1.5,34,0.6
Queens,Not Econ Disadv,2010,4 year August,6409,4172,65.1,3999,62.4,95.9,1309,20.4,31.4,2690,42,64.5,173,2.7,4.1,1222,19.1,720,11.2,141,2.2,49,0.8
Queens,Not Econ Disadv,2009,4 year August,6128,3770,61.5,3628,59.2,96.2,1144,18.7,30.3,2484,40.5,65.9,142,2.3,3.8,1227,20,847,13.8,101,1.6,57,0.9
Queens,Not Econ Disadv,2008,4 year August,6955,4268,61.4,4061,58.4,95.1,1197,17.2,28,2864,41.2,67.1,207,3,4.9,1557,22.4,928,13.3,76,1.1,77,1.1
Queens,Not Econ Disadv,2007,4 year August,6579,4149,63.1,3578,54.4,86.2,1068,16.2,25.7,2510,38.2,60.5,571,8.7,13.8,1204,18.3,1014,15.4,45,0.7,158,2.4
Queens,Not Econ Disadv,2006,4 year August,7024,4391,62.5,3568,50.8,81.3,1169,16.6,26.6,2399,34.2,54.6,823,11.7,18.7,1180,16.8,1162,16.5,66,0.9,214,3
Queens,Not Econ Disadv,2005,4 year August,7647,4706,61.5,3687,48.2,78.3,1418,18.5,30.1,2269,29.7,48.2,1019,13.3,21.7,1345,17.6,1224,16,82,1.1,290,3.8
Queens,Not Econ Disadv,2014,4 year June,5408,3995,73.9,3800,70.3,95.1,1474,27.3,36.9,2326,43,58.2,195,3.6,4.9,845,15.6,462,8.5,40,0.7,65,1.2
Queens,Not Econ Disadv,2013,4 year June,6090,4118,67.6,3947,64.8,95.8,1423,23.4,34.6,2524,41.4,61.3,171,2.8,4.2,1219,20,590,9.7,53,0.9,42,0.7
Queens,Not Econ Disadv,2012,4 year June,6382,4242,66.5,4062,63.6,95.8,1293,20.3,30.5,2769,43.4,65.3,180,2.8,4.2,1256,19.7,658,10.3,64,1,32,0.5
Queens,Not Econ Disadv,2011,4 year June,6072,3995,65.8,3861,63.6,96.6,1334,22,33.4,2527,41.6,63.3,134,2.2,3.4,1198,19.7,662,10.9,94,1.5,34,0.6
Queens,Not Econ Disadv,2010,4 year June,6409,3936,61.4,3787,59.1,96.2,1304,20.3,33.1,2483,38.7,63.1,149,2.3,3.8,1458,22.7,720,11.2,141,2.2,49,0.8
Queens,Not Econ Disadv,2009,4 year June,6128,3519,57.4,3399,55.5,96.6,1132,18.5,32.2,2267,37,64.4,120,2,3.4,1475,24.1,848,13.8,103,1.7,57,0.9
Queens,Not Econ Disadv,2008,4 year June,6955,4016,57.7,3830,55.1,95.4,1190,17.1,29.6,2640,38,65.7,186,2.7,4.6,1804,25.9,930,13.4,79,1.1,77,1.1
Queens,Not Econ Disadv,2007,4 year June,6579,3828,58.2,3390,51.5,88.6,1060,16.1,27.7,2330,35.4,60.9,438,6.7,11.4,1515,23,1023,15.5,50,0.8,154,2.3
Queens,Not Econ Disadv,2006,4 year June,7024,4085,58.2,3409,48.5,83.5,1157,16.5,28.3,2252,32.1,55.1,676,9.6,16.5,1485,21.1,1163,16.6,66,0.9,214,3
Queens,Not Econ Disadv,2005,4 year June,7647,4431,57.9,3551,46.4,80.1,1411,18.5,31.8,2140,28,48.3,880,11.5,19.9,1619,21.2,1225,16,82,1.1,290,3.8
Queens,Not Econ Disadv,2004,4 year June,9488,5772,60.8,4606,48.5,79.8,2091,22,36.2,2515,26.5,43.6,1166,12.3,20.2,2263,23.9,1313,13.8,109,1.1,31,0.3
Queens,Not Econ Disadv,2003,4 year June,9110,4626,50.8,3782,41.5,81.8,1687,18.5,36.5,2095,23,45.3,844,9.3,18.2,2937,32.2,1381,15.2,77,0.8,60,0.7
Queens,Not Econ Disadv,2002,4 year June,10178,5569,54.7,4279,42,76.8,1731,17,31.1,2548,25,45.8,1294,12.7,23.2,2535,24.9,1746,17.2,73,0.7,192,1.9
Queens,Not Econ Disadv,2001,4 year June,9891,5183,52.4,3798,38.4,73.3,1708,17.3,33,2090,21.1,40.3,1393,14.1,26.9,2844,28.8,1672,16.9,171,1.7,17,0.2
Queens,Not Econ Disadv,2013,5 year August,6050,4613,76.2,4315,71.3,93.5,1369,22.6,29.7,2946,48.7,63.9,298,4.9,6.5,446,7.4,769,12.7,166,2.7,48,0.8
Queens,Not Econ Disadv,2012,5 year August,6940,4975,71.7,4658,67.1,93.6,1314,18.9,26.4,3344,48.2,67.2,317,4.6,6.4,622,9,961,13.8,227,3.3,47,0.7
Queens,Not Econ Disadv,2011,5 year August,7016,4825,68.8,4578,65.3,94.9,1352,19.3,28,3226,46,66.9,247,3.5,5.1,624,8.9,1194,17,203,2.9,46,0.7
Queens,Not Econ Disadv,2010,5 year August,7200,4996,69.4,4709,65.4,94.3,1346,18.7,26.9,3363,46.7,67.3,287,4,5.7,603,8.4,1187,16.5,229,3.2,67,0.9
Queens,Not Econ Disadv,2009,5 year August,8635,5929,68.7,5632,65.2,95,1705,19.7,28.8,3927,45.5,66.2,297,3.4,5,788,9.1,1432,16.6,252,2.9,74,0.9
Queens,Not Econ Disadv,2008,5 year August,7636,5075,66.5,4778,62.6,94.1,1205,15.8,23.7,3573,46.8,70.4,297,3.9,5.9,727,9.5,1446,18.9,183,2.4,91,1.2
Queens,Not Econ Disadv,2007,5 year August,7188,4736,65.9,3866,53.8,81.6,1076,15,22.7,2790,38.8,58.9,870,12.1,18.4,564,7.8,1575,21.9,160,2.2,126,1.8
Queens,Not Econ Disadv,2006,5 year August,7493,4780,63.8,3738,49.9,78.2,1172,15.6,24.5,2566,34.2,53.7,1042,13.9,21.8,491,6.6,1818,24.3,160,2.1,228,3
Queens,Not Econ Disadv,2013,5 year June,6050,4579,75.7,4298,71,93.9,1369,22.6,29.9,2929,48.4,64,281,4.6,6.1,479,7.9,770,12.7,166,2.7,48,0.8
Queens,Not Econ Disadv,2012,5 year June,6940,4930,71,4630,66.7,93.9,1314,18.9,26.7,3316,47.8,67.3,300,4.3,6.1,662,9.5,966,13.9,227,3.3,47,0.7
Queens,Not Econ Disadv,2011,5 year June,7016,4789,68.3,4547,64.8,94.9,1352,19.3,28.2,3195,45.5,66.7,242,3.4,5.1,659,9.4,1195,17,203,2.9,46,0.7
Queens,Not Econ Disadv,2010,5 year June,7200,4943,68.7,4668,64.8,94.4,1346,18.7,27.2,3322,46.1,67.2,275,3.8,5.6,647,9,1194,16.6,231,3.2,67,0.9
Queens,Not Econ Disadv,2009,5 year June,8635,5858,67.8,5573,64.5,95.1,1705,19.7,29.1,3868,44.8,66,285,3.3,4.9,852,9.9,1439,16.7,252,2.9,74,0.9
Queens,Not Econ Disadv,2008,5 year June,7636,4985,65.3,4702,61.6,94.3,1205,15.8,24.2,3497,45.8,70.2,283,3.7,5.7,801,10.5,1461,19.1,184,2.4,91,1.2
Queens,Not Econ Disadv,2007,5 year June,7188,4653,64.7,3834,53.3,82.4,1076,15,23.1,2758,38.4,59.3,819,11.4,17.6,614,8.5,1607,22.4,161,2.2,126,1.8
Queens,Not Econ Disadv,2006,5 year June,7493,4724,63,3720,49.6,78.7,1172,15.6,24.8,2548,34,53.9,1004,13.4,21.3,530,7.1,1841,24.6,160,2.1,223,3
Queens,Not Econ Disadv,2005,5 year June,8516,5235,61.5,3932,46.2,75.1,1432,16.8,27.4,2500,29.4,47.8,1303,15.3,24.9,701,8.2,2088,24.5,180,2.1,307,3.6
Queens,Not Econ Disadv,2004,5 year June,10083,6841,67.8,5108,50.7,74.7,2123,21.1,31,2985,29.6,43.6,1733,17.2,25.3,688,6.8,1912,19,183,1.8,459,4.6
Queens,Not Econ Disadv,2003,5 year June,9110,5895,64.7,4278,47,72.6,1735,19,29.4,2543,27.9,43.1,1617,17.7,27.4,860,9.4,2033,22.3,209,2.3,83,0.9
Queens,Not Econ Disadv,2002,5 year June,10178,6441,63.3,4659,45.8,72.3,1763,17.3,27.4,2896,28.5,45,1823,17.9,28.3,1093,10.7,2267,22.3,117,1.1,194,1.9
Queens,Not Econ Disadv,2001,5 year June,9891,6417,64.9,4158,42,64.8,1736,17.6,27.1,2422,24.5,37.7,2275,23,35.5,703,7.1,2514,25.4,229,2.3,17,0.2
Queens,Not Econ Disadv,2012,6 year June,6814,5051,74.1,4706,69.1,93.2,1313,19.3,26,3393,49.8,67.2,345,5.1,6.8,415,6.1,994,14.6,251,3.7,46,0.7
Queens,Not Econ Disadv,2011,6 year June,7203,5007,69.5,4714,65.4,94.1,1352,18.8,27,3362,46.7,67.1,293,4.1,5.9,496,6.9,1292,17.9,253,3.5,53,0.7
Queens,Not Econ Disadv,2010,6 year June,7582,5258,69.3,4936,65.1,93.9,1346,17.8,25.6,3590,47.3,68.3,322,4.2,6.1,482,6.4,1354,17.9,252,3.3,72,0.9
Queens,Not Econ Disadv,2009,6 year June,8931,6210,69.5,5858,65.6,94.3,1708,19.1,27.5,4150,46.5,66.8,352,3.9,5.7,560,6.3,1625,18.2,276,3.1,80,0.9
Queens,Not Econ Disadv,2008,6 year June,8144,5368,65.9,5021,61.7,93.5,1206,14.8,22.5,3815,46.8,71.1,347,4.3,6.5,546,6.7,1679,20.6,341,4.2,95,1.2
Queens,Not Econ Disadv,2007,6 year June,7463,4928,66,3958,53,80.3,1076,14.4,21.8,2882,38.6,58.5,970,13,19.7,393,5.3,1698,22.8,242,3.2,128,1.7
Queens,Not Econ Disadv,2006,6 year June,7307,4969,68,3792,51.9,76.3,1158,15.8,23.3,2634,36,53,1177,16.1,23.7,270,3.7,1718,23.5,165,2.3,171,2.3
Queens,Not Econ Disadv,2005,6 year June,8726,5503,63.1,4021,46.1,73.1,1432,16.4,26,2589,29.7,47,1482,17,26.9,490,5.6,2259,25.9,190,2.2,275,3.2
Queens,Not Econ Disadv,2004,6 year June,10196,7130,69.9,5220,51.2,73.2,2123,20.8,29.8,3097,30.4,43.4,1910,18.7,26.8,582,5.7,2142,21,192,1.9,139,1.4
Queens,Not Econ Disadv,2003,6 year June,9329,6214,66.6,4387,47,70.6,1739,18.6,28,2648,28.4,42.6,1827,19.6,29.4,340,3.6,2311,24.8,220,2.4,214,2.3
Queens,Not Econ Disadv,2002,6 year June,10178,6804,66.9,4744,46.6,69.7,1769,17.4,26,2975,29.2,43.7,2101,20.6,30.9,476,4.7,2499,24.6,136,1.3,197,1.9
Queens,Not Econ Disadv,2001,6 year June,9891,6648,67.2,4221,42.7,63.5,1739,17.6,26.2,2482,25.1,37.3,2451,24.8,36.9,226,2.3,2749,27.8,240,2.4,17,0.2
Staten Island,Econ Disadv,2014,4 year August,2688,2016,75,1755,65.3,87.1,593,22.1,29.4,1162,43.2,57.6,261,9.7,12.9,420,15.6,181,6.7,27,1,44,1.6
Staten Island,Econ Disadv,2013,4 year August,2374,1821,76.7,1625,68.4,89.2,488,20.6,26.8,1137,47.9,62.4,196,8.3,10.8,311,13.1,183,7.7,27,1.1,31,1.3
Staten Island,Econ Disadv,2012,4 year August,2206,1624,73.6,1421,64.4,87.5,432,19.6,26.6,989,44.8,60.9,203,9.2,12.5,359,16.3,185,8.4,13,0.6,25,1.1
Staten Island,Econ Disadv,2011,4 year August,2336,1702,72.9,1509,64.6,88.7,443,19,26,1066,45.6,62.6,193,8.3,11.3,356,15.2,214,9.2,26,1.1,37,1.6
Staten Island,Econ Disadv,2010,4 year August,2200,1660,75.5,1448,65.8,87.2,368,16.7,22.2,1080,49.1,65.1,212,9.6,12.8,306,13.9,196,8.9,11,0.5,27,1.2
Staten Island,Econ Disadv,2009,4 year August,2207,1551,70.3,1392,63.1,89.7,405,18.4,26.1,987,44.7,63.6,159,7.2,10.3,391,17.7,202,9.2,24,1.1,39,1.8
Staten Island,Econ Disadv,2008,4 year August,2119,1472,69.5,1346,63.5,91.4,346,16.3,23.5,1000,47.2,67.9,126,5.9,8.6,408,19.3,176,8.3,22,1,40,1.9
Staten Island,Econ Disadv,2007,4 year August,1956,1336,68.3,1142,58.4,85.5,324,16.6,24.3,818,41.8,61.2,194,9.9,14.5,394,20.1,169,8.6,18,0.9,37,1.9
Staten Island,Econ Disadv,2006,4 year August,1768,1210,68.4,973,55,80.4,322,18.2,26.6,651,36.8,53.8,237,13.4,19.6,337,19.1,157,8.9,30,1.7,33,1.9
Staten Island,Econ Disadv,2005,4 year August,1564,1014,64.8,727,46.5,71.7,244,15.6,24.1,483,30.9,47.6,287,18.4,28.3,322,20.6,114,7.3,50,3.2,64,4.1
Staten Island,Econ Disadv,2014,4 year June,2688,1958,72.8,1722,64.1,87.9,593,22.1,30.3,1129,42,57.7,236,8.8,12.1,478,17.8,181,6.7,27,1,44,1.6
Staten Island,Econ Disadv,2013,4 year June,2374,1782,75.1,1596,67.2,89.6,486,20.5,27.3,1110,46.8,62.3,186,7.8,10.4,350,14.7,183,7.7,27,1.1,31,1.3
Staten Island,Econ Disadv,2012,4 year June,2206,1582,71.7,1398,63.4,88.4,432,19.6,27.3,966,43.8,61.1,184,8.3,11.6,401,18.2,185,8.4,13,0.6,25,1.1
Staten Island,Econ Disadv,2011,4 year June,2336,1653,70.8,1480,63.4,89.5,443,19,26.8,1037,44.4,62.7,173,7.4,10.5,404,17.3,214,9.2,27,1.2,37,1.6
Staten Island,Econ Disadv,2010,4 year June,2200,1585,72,1398,63.5,88.2,368,16.7,23.2,1030,46.8,65,187,8.5,11.8,381,17.3,196,8.9,11,0.5,27,1.2
Staten Island,Econ Disadv,2009,4 year June,2207,1485,67.3,1339,60.7,90.2,404,18.3,27.2,935,42.4,63,146,6.6,9.8,457,20.7,202,9.2,24,1.1,39,1.8
Staten Island,Econ Disadv,2008,4 year June,2119,1416,66.8,1310,61.8,92.5,346,16.3,24.4,964,45.5,68.1,106,5,7.5,464,21.9,176,8.3,22,1,40,1.9
Staten Island,Econ Disadv,2007,4 year June,1956,1297,66.3,1117,57.1,86.1,323,16.5,24.9,794,40.6,61.2,180,9.2,13.9,432,22.1,170,8.7,18,0.9,37,1.9
Staten Island,Econ Disadv,2006,4 year June,1768,1179,66.7,957,54.1,81.2,322,18.2,27.3,635,35.9,53.9,222,12.6,18.8,367,20.8,158,8.9,30,1.7,33,1.9
Staten Island,Econ Disadv,2005,4 year June,1564,978,62.5,714,45.7,73,244,15.6,24.9,470,30.1,48.1,264,16.9,27,358,22.9,114,7.3,50,3.2,64,4.1
Staten Island,Econ Disadv,2004,4 year June,1346,771,57.3,574,42.6,74.4,233,17.3,30.2,341,25.3,44.2,197,14.6,25.6,379,28.2,138,10.3,56,4.2,2,0.1
Staten Island,Econ Disadv,2003,4 year June,1379,874,63.4,614,44.5,70.3,231,16.8,26.4,383,27.8,43.8,260,18.9,29.7,302,21.9,145,10.5,38,2.8,20,1.5
Staten Island,Econ Disadv,2002,4 year June,1102,602,54.6,401,36.4,66.6,121,11,20.1,280,25.4,46.5,201,18.2,33.4,292,26.5,143,13,18,1.6,47,4.3
Staten Island,Econ Disadv,2001,4 year June,870,451,51.8,296,34,65.6,95,10.9,21.1,201,23.1,44.6,155,17.8,34.4,223,25.6,148,17,40,4.6,8,0.9
Staten Island,Econ Disadv,2013,5 year August,2403,1899,79,1661,69.1,87.5,488,20.3,25.7,1173,48.8,61.8,238,9.9,12.5,134,5.6,265,11,60,2.5,44,1.8
Staten Island,Econ Disadv,2012,5 year August,2116,1691,79.9,1459,69,86.3,432,20.4,25.5,1027,48.5,60.7,232,11,13.7,129,6.1,239,11.3,17,0.8,40,1.9
Staten Island,Econ Disadv,2011,5 year August,2245,1777,79.2,1550,69,87.2,443,19.7,24.9,1107,49.3,62.3,227,10.1,12.8,131,5.8,270,12,28,1.2,38,1.7
Staten Island,Econ Disadv,2010,5 year August,2126,1686,79.3,1461,68.7,86.7,368,17.3,21.8,1093,51.4,64.8,225,10.6,13.3,117,5.5,258,12.1,18,0.8,45,2.1
Staten Island,Econ Disadv,2009,5 year August,1878,1393,74.2,1213,64.6,87.1,277,14.7,19.9,936,49.8,67.2,180,9.6,12.9,145,7.7,272,14.5,21,1.1,44,2.3
Staten Island,Econ Disadv,2008,5 year August,2061,1522,73.8,1377,66.8,90.5,346,16.8,22.7,1031,50,67.7,145,7,9.5,165,8,262,12.7,60,2.9,48,2.3
Staten Island,Econ Disadv,2007,5 year August,1914,1413,73.8,1185,61.9,83.9,325,17,23,860,44.9,60.9,228,11.9,16.1,107,5.6,293,15.3,41,2.1,56,2.9
Staten Island,Econ Disadv,2006,5 year August,1718,1285,74.8,1006,58.6,78.3,323,18.8,25.1,683,39.8,53.2,279,16.2,21.7,133,7.7,203,11.8,70,4.1,25,1.5
Staten Island,Econ Disadv,2013,5 year June,2403,1887,78.5,1656,68.9,87.8,488,20.3,25.9,1168,48.6,61.9,231,9.6,12.2,146,6.1,265,11,60,2.5,44,1.8
Staten Island,Econ Disadv,2012,5 year June,2116,1685,79.6,1454,68.7,86.3,432,20.4,25.6,1022,48.3,60.7,231,10.9,13.7,135,6.4,239,11.3,17,0.8,40,1.9
Staten Island,Econ Disadv,2011,5 year June,2245,1751,78,1538,68.5,87.8,443,19.7,25.3,1095,48.8,62.5,213,9.5,12.2,157,7,270,12,28,1.2,38,1.7
Staten Island,Econ Disadv,2010,5 year June,2126,1676,78.8,1456,68.5,86.9,368,17.3,22,1088,51.2,64.9,220,10.3,13.1,127,6,258,12.1,18,0.8,45,2.1
Staten Island,Econ Disadv,2009,5 year June,1878,1378,73.4,1204,64.1,87.4,277,14.7,20.1,927,49.4,67.3,174,9.3,12.6,159,8.5,273,14.5,21,1.1,44,2.3
Staten Island,Econ Disadv,2008,5 year June,2061,1512,73.4,1371,66.5,90.7,346,16.8,22.9,1025,49.7,67.8,141,6.8,9.3,175,8.5,262,12.7,60,2.9,48,2.3
Staten Island,Econ Disadv,2007,5 year June,1914,1397,73,1176,61.4,84.2,325,17,23.3,851,44.5,60.9,221,11.5,15.8,118,6.2,298,15.6,41,2.1,56,2.9
Staten Island,Econ Disadv,2006,5 year June,1718,1276,74.3,1003,58.4,78.6,323,18.8,25.3,680,39.6,53.3,273,15.9,21.4,138,8,207,12,70,4.1,25,1.5
Staten Island,Econ Disadv,2005,5 year June,1519,1095,72.1,759,50,69.3,244,16.1,22.3,515,33.9,47,336,22.1,30.7,130,8.6,180,11.8,71,4.7,43,2.8
Staten Island,Econ Disadv,2004,5 year June,1264,878,69.5,605,47.9,68.9,233,18.4,26.5,372,29.4,42.4,273,21.6,31.1,85,6.7,180,14.2,61,4.8,60,4.7
Staten Island,Econ Disadv,2003,5 year June,1379,946,68.6,634,46,67,233,16.9,24.6,401,29.1,42.4,312,22.6,33,138,10,206,14.9,67,4.9,22,1.6
Staten Island,Econ Disadv,2002,5 year June,1102,696,63.2,435,39.5,62.5,122,11.1,17.5,313,28.4,45,266,24.1,38.2,120,10.9,195,17.7,42,3.8,49,4.4
Staten Island,Econ Disadv,2001,5 year June,870,498,57.2,305,35.1,61.2,96,11,19.3,209,24,42,194,22.3,39,96,11,207,23.8,60,6.9,8,0.9
Staten Island,Econ Disadv,2012,6 year June,2130,1726,81,1474,69.2,85.4,432,20.3,25,1042,48.9,60.4,252,11.8,14.6,76,3.6,254,11.9,24,1.1,50,2.3
Staten Island,Econ Disadv,2011,6 year June,2206,1784,80.9,1552,70.4,87,443,20.1,24.8,1109,50.3,62.2,232,10.5,13,65,2.9,282,12.8,33,1.5,41,1.9
Staten Island,Econ Disadv,2010,6 year June,2084,1694,81.3,1463,70.2,86.4,368,17.7,21.7,1095,52.5,64.6,231,11.1,13.6,62,3,266,12.8,20,1,41,2
Staten Island,Econ Disadv,2009,6 year June,1844,1413,76.6,1222,66.3,86.5,277,15,19.6,945,51.2,66.9,191,10.4,13.5,74,4,280,15.2,31,1.7,44,2.4
Staten Island,Econ Disadv,2008,6 year June,1986,1544,77.7,1386,69.8,89.8,346,17.4,22.4,1040,52.4,67.4,158,8,10.2,57,2.9,269,13.5,66,3.3,46,2.3
Staten Island,Econ Disadv,2007,6 year June,1892,1449,76.6,1197,63.3,82.6,325,17.2,22.4,872,46.1,60.2,252,13.3,17.4,41,2.2,302,16,44,2.3,52,2.7
Staten Island,Econ Disadv,2006,6 year June,1715,1299,75.7,1011,59,77.8,322,18.8,24.8,689,40.2,53,288,16.8,22.2,53,3.1,258,15,61,3.6,39,2.3
Staten Island,Econ Disadv,2005,6 year June,1479,1133,76.6,774,52.3,68.3,244,16.5,21.5,530,35.8,46.8,359,24.3,31.7,54,3.7,185,12.5,71,4.8,36,2.4
Staten Island,Econ Disadv,2004,6 year June,1265,912,72.1,613,48.5,67.2,233,18.4,25.5,380,30,41.7,299,23.6,32.8,79,6.2,193,15.3,60,4.7,20,1.6
Staten Island,Econ Disadv,2003,6 year June,1361,972,71.4,635,46.7,65.3,233,17.1,24,402,29.5,41.4,337,24.8,34.7,49,3.6,228,16.8,65,4.8,47,3.5
Staten Island,Econ Disadv,2002,6 year June,1102,717,65.1,441,40,61.5,122,11.1,17,319,28.9,44.5,281,25.5,39.2,63,5.7,228,20.7,45,4.1,49,4.4
Staten Island,Econ Disadv,2001,6 year June,870,511,58.7,308,35.4,60.3,96,11,18.8,212,24.4,41.5,206,23.7,40.3,61,7,227,26.1,62,7.1,8,0.9
Staten Island,Not Econ Disadv,2014,4 year August,1977,1752,88.6,1613,81.6,92.1,742,37.5,42.4,871,44.1,49.7,139,7,7.9,135,6.8,74,3.7,4,0.2,12,0.6
Staten Island,Not Econ Disadv,2013,4 year August,2257,1897,84,1752,77.6,92.4,746,33.1,39.3,1006,44.6,53,145,6.4,7.6,226,10,93,4.1,10,0.4,31,1.4
Staten Island,Not Econ Disadv,2012,4 year August,2338,1989,85.1,1841,78.7,92.6,719,30.8,36.1,1122,48,56.4,148,6.3,7.4,213,9.1,104,4.4,13,0.6,19,0.8
Staten Island,Not Econ Disadv,2011,4 year August,2145,1766,82.3,1634,76.2,92.5,640,29.8,36.2,994,46.3,56.3,132,6.2,7.5,215,10,124,5.8,14,0.7,24,1.1
Staten Island,Not Econ Disadv,2010,4 year August,2367,1952,82.5,1816,76.7,93,689,29.1,35.3,1127,47.6,57.7,136,5.7,7,217,9.2,170,7.2,8,0.3,20,0.8
Staten Island,Not Econ Disadv,2009,4 year August,2336,1867,79.9,1781,76.2,95.4,704,30.1,37.7,1077,46.1,57.7,86,3.7,4.6,249,10.7,170,7.3,14,0.6,35,1.5
Staten Island,Not Econ Disadv,2008,4 year August,2507,1980,79,1869,74.6,94.4,739,29.5,37.3,1130,45.1,57.1,111,4.4,5.6,277,11,213,8.5,6,0.2,29,1.2
Staten Island,Not Econ Disadv,2007,4 year August,2534,1994,78.7,1779,70.2,89.2,679,26.8,34.1,1100,43.4,55.2,215,8.5,10.8,255,10.1,213,8.4,11,0.4,56,2.2
Staten Island,Not Econ Disadv,2006,4 year August,2835,2213,78.1,1883,66.4,85.1,872,30.8,39.4,1011,35.7,45.7,330,11.6,14.9,270,9.5,256,9,25,0.9,69,2.4
Staten Island,Not Econ Disadv,2005,4 year August,2896,2178,75.2,1780,61.5,81.7,815,28.1,37.4,965,33.3,44.3,398,13.7,18.3,342,11.8,248,8.6,30,1,98,3.4
Staten Island,Not Econ Disadv,2014,4 year June,1977,1727,87.4,1595,80.7,92.4,741,37.5,42.9,854,43.2,49.4,132,6.7,7.6,160,8.1,74,3.7,4,0.2,12,0.6
Staten Island,Not Econ Disadv,2013,4 year June,2257,1865,82.6,1730,76.7,92.8,746,33.1,40,984,43.6,52.8,135,6,7.2,258,11.4,93,4.1,10,0.4,31,1.4
Staten Island,Not Econ Disadv,2012,4 year June,2338,1945,83.2,1811,77.5,93.1,719,30.8,37,1092,46.7,56.1,134,5.7,6.9,257,11,104,4.4,13,0.6,19,0.8
Staten Island,Not Econ Disadv,2011,4 year June,2145,1739,81.1,1615,75.3,92.9,640,29.8,36.8,975,45.5,56.1,124,5.8,7.1,242,11.3,124,5.8,14,0.7,24,1.1
Staten Island,Not Econ Disadv,2010,4 year June,2367,1901,80.3,1781,75.2,93.7,686,29,36.1,1095,46.3,57.6,120,5.1,6.3,268,11.3,170,7.2,8,0.3,20,0.8
Staten Island,Not Econ Disadv,2009,4 year June,2336,1823,78,1746,74.7,95.8,702,30.1,38.5,1044,44.7,57.3,77,3.3,4.2,290,12.4,170,7.3,17,0.7,35,1.5
Staten Island,Not Econ Disadv,2008,4 year June,2507,1915,76.4,1819,72.6,95,737,29.4,38.5,1082,43.2,56.5,96,3.8,5,342,13.6,213,8.5,6,0.2,29,1.2
Staten Island,Not Econ Disadv,2007,4 year June,2534,1942,76.6,1750,69.1,90.1,679,26.8,35,1071,42.3,55.1,192,7.6,9.9,306,12.1,215,8.5,12,0.5,53,2.1
Staten Island,Not Econ Disadv,2006,4 year June,2835,2167,76.4,1861,65.6,85.9,870,30.7,40.1,991,35,45.7,306,10.8,14.1,316,11.1,256,9,25,0.9,69,2.4
Staten Island,Not Econ Disadv,2005,4 year June,2896,2120,73.2,1753,60.5,82.7,815,28.1,38.4,938,32.4,44.2,367,12.7,17.3,400,13.8,248,8.6,30,1,98,3.4
Staten Island,Not Econ Disadv,2004,4 year June,2796,2017,72.1,1646,58.9,81.6,796,28.5,39.5,850,30.4,42.1,371,13.3,18.4,465,16.6,243,8.7,65,2.3,6,0.2
Staten Island,Not Econ Disadv,2003,4 year June,2839,1938,68.3,1555,54.8,80.2,652,23,33.6,903,31.8,46.6,383,13.5,19.8,617,21.7,229,8.1,37,1.3,18,0.6
Staten Island,Not Econ Disadv,2002,4 year June,3032,2119,69.9,1639,54.1,77.3,740,24.4,34.9,899,29.7,42.4,482,15.9,22.7,552,18.2,283,9.3,26,0.9,50,1.6
Staten Island,Not Econ Disadv,2001,4 year June,3002,2114,70.4,1605,53.5,75.9,781,26,36.9,824,27.4,39,510,17,24.1,563,18.8,269,9,53,1.8,3,0.1
Staten Island,Not Econ Disadv,2013,5 year August,2221,1961,88.3,1795,80.8,91.5,747,33.6,38.1,1048,47.2,53.4,166,7.5,8.5,82,3.7,136,6.1,10,0.5,32,1.4
Staten Island,Not Econ Disadv,2012,5 year August,2428,2083,85.8,1893,78,90.9,719,29.6,34.5,1174,48.4,56.4,190,7.8,9.1,111,4.6,165,6.8,39,1.6,30,1.2
Staten Island,Not Econ Disadv,2011,5 year August,2233,1886,84.5,1705,76.4,90.4,640,28.7,33.9,1065,47.7,56.5,181,8.1,9.6,100,4.5,193,8.6,29,1.3,23,1
Staten Island,Not Econ Disadv,2010,5 year August,2422,2069,85.4,1880,77.6,90.9,689,28.4,33.3,1191,49.2,57.6,189,7.8,9.1,84,3.5,214,8.8,27,1.1,27,1.1
Staten Island,Not Econ Disadv,2009,5 year August,2648,2223,84,2087,78.8,93.9,833,31.5,37.5,1254,47.4,56.4,136,5.1,6.1,105,4,260,9.8,16,0.6,42,1.6
Staten Island,Not Econ Disadv,2008,5 year August,2539,2089,82.3,1946,76.6,93.2,739,29.1,35.4,1207,47.5,57.8,143,5.6,6.8,89,3.5,299,11.8,24,0.9,36,1.4
Staten Island,Not Econ Disadv,2007,5 year August,2562,2081,81.2,1818,71,87.4,680,26.5,32.7,1138,44.4,54.7,263,10.3,12.6,101,3.9,304,11.9,32,1.2,42,1.6
Staten Island,Not Econ Disadv,2006,5 year August,2928,2293,78.3,1913,65.3,83.4,872,29.8,38,1041,35.6,45.4,380,13,16.6,123,4.2,397,13.6,41,1.4,70,2.4
Staten Island,Not Econ Disadv,2013,5 year June,2221,1956,88.1,1793,80.7,91.7,747,33.6,38.2,1046,47.1,53.5,163,7.3,8.3,87,3.9,136,6.1,10,0.5,32,1.4
Staten Island,Not Econ Disadv,2012,5 year June,2428,2080,85.7,1890,77.8,90.9,719,29.6,34.6,1171,48.2,56.3,190,7.8,9.1,114,4.7,165,6.8,39,1.6,30,1.2
Staten Island,Not Econ Disadv,2011,5 year June,2233,1875,84,1698,76,90.6,640,28.7,34.1,1058,47.4,56.4,177,7.9,9.4,111,5,193,8.6,29,1.3,23,1
Staten Island,Not Econ Disadv,2010,5 year June,2422,2061,85.1,1876,77.5,91,689,28.4,33.4,1187,49,57.6,185,7.6,9,92,3.8,214,8.8,27,1.1,27,1.1
Staten Island,Not Econ Disadv,2009,5 year June,2648,2211,83.5,2081,78.6,94.1,833,31.5,37.7,1248,47.1,56.4,130,4.9,5.9,117,4.4,260,9.8,16,0.6,42,1.6
Staten Island,Not Econ Disadv,2008,5 year June,2539,2081,82,1943,76.5,93.4,739,29.1,35.5,1204,47.4,57.9,138,5.4,6.6,96,3.8,299,11.8,25,1,36,1.4
Staten Island,Not Econ Disadv,2007,5 year June,2562,2066,80.6,1811,70.7,87.7,680,26.5,32.9,1131,44.1,54.7,255,10,12.3,110,4.3,310,12.1,32,1.2,42,1.6
Staten Island,Not Econ Disadv,2006,5 year June,2928,2285,78,1911,65.3,83.6,872,29.8,38.2,1039,35.5,45.5,374,12.8,16.4,126,4.3,406,13.9,41,1.4,66,2.3
Staten Island,Not Econ Disadv,2005,5 year June,2998,2273,75.8,1814,60.5,79.8,815,27.2,35.9,999,33.3,44,459,15.3,20.2,153,5.1,403,13.4,49,1.6,114,3.8
Staten Island,Not Econ Disadv,2004,5 year June,3009,2262,75.2,1733,57.6,76.6,801,26.6,35.4,932,31,41.2,529,17.6,23.4,143,4.8,393,13.1,59,2,152,5.1
Staten Island,Not Econ Disadv,2003,5 year June,2839,2131,75.1,1630,57.4,76.5,657,23.1,30.8,973,34.3,45.7,501,17.6,23.5,212,7.5,404,14.2,69,2.4,22,0.8
Staten Island,Not Econ Disadv,2002,5 year June,3032,2291,75.6,1707,56.3,74.5,743,24.5,32.4,964,31.8,42.1,598,19.7,26.1,263,8.7,385,12.7,41,1.4,50,1.6
Staten Island,Not Econ Disadv,2001,5 year June,3002,2339,77.9,1672,55.7,71.5,787,26.2,33.6,885,29.5,37.8,673,22.4,28.8,132,4.4,454,15.1,74,2.5,3,0.1
Staten Island,Not Econ Disadv,2012,6 year June,2410,2098,87.1,1898,78.8,90.5,719,29.8,34.3,1179,48.9,56.2,200,8.3,9.5,65,2.7,173,7.2,42,1.7,32,1.3
Staten Island,Not Econ Disadv,2011,6 year June,2281,1927,84.5,1724,75.6,89.5,640,28.1,33.2,1084,47.5,56.3,203,8.9,10.5,84,3.7,204,8.9,32,1.4,32,1.4
Staten Island,Not Econ Disadv,2010,6 year June,2463,2113,85.8,1899,77.1,89.9,689,28,32.6,1210,49.1,57.3,214,8.7,10.1,69,2.8,219,8.9,32,1.3,30,1.2
Staten Island,Not Econ Disadv,2009,6 year June,2677,2265,84.6,2103,78.6,92.8,833,31.1,36.8,1270,47.4,56.1,162,6.1,7.2,70,2.6,274,10.2,23,0.9,45,1.7
Staten Island,Not Econ Disadv,2008,6 year June,2608,2123,81.4,1968,75.5,92.7,739,28.3,34.8,1229,47.1,57.9,155,5.9,7.3,69,2.6,327,12.5,52,2,33,1.3
Staten Island,Not Econ Disadv,2007,6 year June,2581,2109,81.7,1833,71,86.9,680,26.3,32.2,1153,44.7,54.7,276,10.7,13.1,42,1.6,343,13.3,38,1.5,47,1.8
Staten Island,Not Econ Disadv,2006,6 year June,2868,2330,81.2,1921,67,82.4,871,30.4,37.4,1050,36.6,45.1,409,14.3,17.6,75,2.6,370,12.9,34,1.2,54,1.9
Staten Island,Not Econ Disadv,2005,6 year June,3033,2313,76.3,1823,60.1,78.8,815,26.9,35.2,1008,33.2,43.6,490,16.2,21.2,109,3.6,442,14.6,51,1.7,114,3.8
Staten Island,Not Econ Disadv,2004,6 year June,3000,2301,76.7,1745,58.2,75.8,801,26.7,34.8,944,31.5,41,556,18.5,24.2,160,5.3,435,14.5,58,1.9,44,1.5
Staten Island,Not Econ Disadv,2003,6 year June,2888,2200,76.2,1646,57,74.8,657,22.7,29.9,989,34.2,45,554,19.2,25.2,106,3.7,464,16.1,71,2.5,46,1.6
Staten Island,Not Econ Disadv,2002,6 year June,3032,2345,77.3,1719,56.7,73.3,743,24.5,31.7,976,32.2,41.6,640,21.1,27.3,143,4.7,448,14.8,44,1.5,50,1.6
Staten Island,Not Econ Disadv,2001,6 year June,3002,2362,78.7,1679,55.9,71.1,787,26.2,33.3,892,29.7,37.8,692,23.1,29.3,70,2.3,490,16.3,77,2.6,3,0.1
