,DBN,School Name,total_stud,grad_rate,ELL,Former ELL,Not ELL,Not SWD,SWD,Asian,Black,Hispanic,Multi-Racial,Native American,White,Female,Male,Econ Disadv,Not Econ Disadv,prob_ELL,prob_Former ELL,prob_Not ELL,prob_Not SWD,prob_SWD,prob_Asian,prob_Black,prob_Hispanic,prob_Multi-Racial,prob_Native American,prob_White,prob_Female,prob_Male,prob_Econ Disadv,prob_Not Econ Disadv
0,01M292,Orchard Collegiate Academy,29,0.9655172413793104,1.0,3.0,25.0,21.0,8.0,3.0,6.0,19.0,,,1.0,6.0,23.0,27.0,2.0,0.03,0.1,0.86,0.72,0.28,0.1,0.21,0.66,,,0.03,0.21,0.79,0.93,0.07
1,01M448,University Neighborhood High School,88,0.9318181818181818,1.0,9.0,78.0,75.0,13.0,23.0,19.0,42.0,1.0,1.0,2.0,38.0,50.0,77.0,11.0,0.01,0.1,0.89,0.85,0.15,0.26,0.22,0.48,0.01,0.01,0.02,0.43,0.57,0.88,0.12
2,01M450,East Side Community School,92,0.967391304347826,,1.0,91.0,76.0,16.0,7.0,19.0,52.0,4.0,,10.0,40.0,52.0,62.0,30.0,,0.01,0.99,0.83,0.17,0.08,0.21,0.57,0.04,,0.11,0.43,0.57,0.67,0.33
3,01M458,Forsyth Satellite Academy,73,0.3698630136986301,6.0,4.0,63.0,56.0,17.0,1.0,25.0,41.0,1.0,,5.0,47.0,26.0,65.0,8.0,0.08,0.05,0.86,0.77,0.23,0.01,0.34,0.56,0.01,,0.07,0.64,0.36,0.89,0.11
4,01M509,Marta Valle High School,42,0.6428571428571429,2.0,1.0,39.0,25.0,17.0,2.0,12.0,27.0,,,1.0,20.0,22.0,41.0,1.0,0.05,0.02,0.93,0.6,0.4,0.05,0.29,0.64,,,0.02,0.48,0.52,0.98,0.02
5,01M515,Lower East Side Preparatory High School,226,0.4026548672566372,121.0,19.0,86.0,212.0,14.0,118.0,34.0,66.0,,4.0,4.0,104.0,122.0,128.0,98.0,0.54,0.08,0.38,0.94,0.06,0.52,0.15,0.29,,0.02,0.02,0.46,0.54,0.57,0.43
6,01M539,"New Explorations into Science, Technology and Math High School",131,0.9389312977099237,,6.0,125.0,125.0,6.0,45.0,14.0,28.0,5.0,,39.0,65.0,66.0,62.0,69.0,,0.05,0.95,0.95,0.05,0.34,0.11,0.21,0.04,,0.3,0.5,0.5,0.47,0.53
7,01M650,Cascades High School,103,0.30097087378640774,3.0,2.0,98.0,93.0,10.0,3.0,50.0,48.0,,1.0,1.0,60.0,43.0,89.0,14.0,0.03,0.02,0.95,0.9,0.1,0.03,0.49,0.47,,0.01,0.01,0.58,0.42,0.86,0.14
8,01M696,Bard High School Early College,135,0.9851851851851852,,1.0,134.0,132.0,3.0,25.0,30.0,19.0,2.0,,59.0,86.0,49.0,62.0,73.0,,0.01,0.99,0.98,0.02,0.19,0.22,0.14,0.01,,0.44,0.64,0.36,0.46,0.54
9,02M047,47 The American Sign Language and English Secondary School,35,0.8571428571428571,1.0,1.0,33.0,26.0,9.0,,9.0,23.0,2.0,,1.0,28.0,7.0,30.0,5.0,0.03,0.03,0.94,0.74,0.26,,0.26,0.66,0.06,,0.03,0.8,0.2,0.86,0.14
10,02M135,The Urban Assembly School for Emergency Management,75,0.76,3.0,5.0,67.0,57.0,18.0,7.0,21.0,44.0,2.0,,1.0,37.0,38.0,53.0,22.0,0.04,0.07,0.89,0.76,0.24,0.09,0.28,0.59,0.03,,0.01,0.49,0.51,0.71,0.29
11,02M139,Stephen T. Mather Building Arts & Craftsmanship High School,100,0.78,5.0,2.0,93.0,73.0,27.0,3.0,24.0,67.0,,,6.0,23.0,77.0,84.0,16.0,0.05,0.02,0.93,0.73,0.27,0.03,0.24,0.67,,,0.06,0.23,0.77,0.84,0.16
12,02M280,Manhattan Early College School for Advertising,84,0.9642857142857143,,,84.0,67.0,17.0,4.0,28.0,37.0,1.0,,14.0,44.0,40.0,64.0,20.0,,,1.0,0.8,0.2,0.05,0.33,0.44,0.01,,0.17,0.52,0.48,0.76,0.24
13,02M282,Urban Assembly Maker Academy,93,0.9032258064516129,3.0,1.0,89.0,84.0,9.0,13.0,23.0,40.0,7.0,,10.0,35.0,58.0,69.0,24.0,0.03,0.01,0.96,0.9,0.1,0.14,0.25,0.43,0.08,,0.11,0.38,0.62,0.74,0.26
14,02M288,Food and Finance High School,84,0.8452380952380952,1.0,6.0,77.0,68.0,16.0,1.0,39.0,43.0,,,1.0,42.0,42.0,69.0,15.0,0.01,0.07,0.92,0.81,0.19,0.01,0.46,0.51,,,0.01,0.5,0.5,0.82,0.18
15,02M294,Essex Street Academy,85,0.8823529411764706,3.0,3.0,79.0,67.0,18.0,5.0,35.0,37.0,5.0,,3.0,41.0,44.0,53.0,32.0,0.04,0.04,0.93,0.79,0.21,0.06,0.41,0.44,0.06,,0.04,0.48,0.52,0.62,0.38
16,02M296,High School of Hospitality Management,81,0.8148148148148148,6.0,7.0,68.0,66.0,15.0,4.0,23.0,49.0,1.0,1.0,3.0,67.0,14.0,75.0,6.0,0.07,0.09,0.84,0.81,0.19,0.05,0.28,0.6,0.01,0.01,0.04,0.83,0.17,0.93,0.07
17,02M298,Pace High School,110,0.8909090909090909,1.0,1.0,108.0,93.0,17.0,25.0,22.0,49.0,8.0,,6.0,59.0,51.0,83.0,27.0,0.01,0.01,0.98,0.85,0.15,0.23,0.2,0.45,0.07,,0.05,0.54,0.46,0.75,0.25
18,02M300,"Urban Assembly School of Design and Construction, The",86,0.7209302325581395,3.0,7.0,76.0,69.0,17.0,1.0,20.0,58.0,5.0,,2.0,33.0,53.0,71.0,15.0,0.03,0.08,0.88,0.8,0.2,0.01,0.23,0.67,0.06,,0.02,0.38,0.62,0.83,0.17
19,02M303,"Facing History School, The",106,0.7264150943396226,16.0,7.0,83.0,80.0,26.0,2.0,31.0,71.0,1.0,,1.0,51.0,55.0,90.0,16.0,0.15,0.07,0.78,0.75,0.25,0.02,0.29,0.67,0.01,,0.01,0.48,0.52,0.85,0.15
20,02M305,"Urban Assembly Academy of Government and Law, The",59,0.8135593220338984,2.0,3.0,54.0,42.0,17.0,2.0,26.0,29.0,,,2.0,30.0,29.0,55.0,4.0,0.03,0.05,0.92,0.71,0.29,0.03,0.44,0.49,,,0.03,0.51,0.49,0.93,0.07
21,02M308,Lower Manhattan Arts Academy,78,0.8333333333333334,,2.0,76.0,51.0,27.0,7.0,21.0,43.0,4.0,1.0,2.0,54.0,24.0,59.0,19.0,,0.03,0.97,0.65,0.35,0.09,0.27,0.55,0.05,0.01,0.03,0.69,0.31,0.76,0.24
22,02M313,"James Baldwin School, The: A School for Expeditionary Learning",127,0.33858267716535434,6.0,1.0,120.0,88.0,39.0,3.0,52.0,66.0,,,6.0,67.0,60.0,112.0,15.0,0.05,0.01,0.94,0.69,0.31,0.02,0.41,0.52,,,0.05,0.53,0.47,0.88,0.12
23,02M316,"Urban Assembly School of Business for Young Women, the",63,0.6984126984126984,1.0,,62.0,55.0,8.0,1.0,35.0,22.0,3.0,1.0,1.0,63.0,,50.0,13.0,0.02,,0.98,0.87,0.13,0.02,0.56,0.35,0.05,0.02,0.02,1.0,,0.79,0.21
24,02M374,Gramercy Arts High School,113,0.8053097345132744,,6.0,107.0,94.0,19.0,5.0,45.0,51.0,5.0,,7.0,83.0,30.0,95.0,18.0,,0.05,0.95,0.83,0.17,0.04,0.4,0.45,0.04,,0.06,0.73,0.27,0.84,0.16
25,02M376,NYC iSchool,112,0.9910714285714286,1.0,,111.0,101.0,11.0,8.0,25.0,40.0,3.0,1.0,35.0,71.0,41.0,55.0,57.0,0.01,,0.99,0.9,0.1,0.07,0.22,0.36,0.03,0.01,0.31,0.63,0.37,0.49,0.51
26,02M392,MANHATTAN BUSINESS ACADEMY,96,0.8645833333333334,5.0,4.0,87.0,75.0,21.0,4.0,22.0,65.0,2.0,,3.0,39.0,57.0,87.0,9.0,0.05,0.04,0.91,0.78,0.22,0.04,0.23,0.68,0.02,,0.03,0.41,0.59,0.91,0.09
27,02M393,Business Of Sports School,91,0.8021978021978022,2.0,4.0,85.0,68.0,23.0,2.0,24.0,63.0,,1.0,1.0,30.0,61.0,70.0,21.0,0.02,0.04,0.93,0.75,0.25,0.02,0.26,0.69,,0.01,0.01,0.33,0.67,0.77,0.23
28,02M394,Emma Lazarus High School,99,0.6161616161616161,59.0,19.0,21.0,99.0,,57.0,12.0,20.0,,,10.0,50.0,49.0,86.0,13.0,0.6,0.19,0.21,1.0,,0.58,0.12,0.2,,,0.1,0.51,0.49,0.87,0.13
29,02M399,The High School For Language And Diplomacy,119,0.8319327731092437,11.0,12.0,96.0,102.0,17.0,40.0,21.0,51.0,1.0,1.0,5.0,73.0,46.0,100.0,19.0,0.09,0.1,0.81,0.86,0.14,0.34,0.18,0.43,0.01,0.01,0.04,0.61,0.39,0.84,0.16
30,02M400,High School for Environmental Studies,294,0.8333333333333334,16.0,16.0,262.0,245.0,49.0,42.0,38.0,188.0,4.0,,22.0,165.0,129.0,245.0,49.0,0.05,0.05,0.89,0.83,0.17,0.14,0.13,0.64,0.01,,0.07,0.56,0.44,0.83,0.17
31,02M407,Institute for Collaborative Education,69,0.9710144927536232,,,69.0,68.0,1.0,6.0,10.0,7.0,3.0,1.0,42.0,31.0,38.0,15.0,54.0,,,1.0,0.99,0.01,0.09,0.14,0.1,0.04,0.01,0.61,0.45,0.55,0.22,0.78
32,02M408,Professional Performing Arts High School,124,0.9354838709677419,1.0,2.0,121.0,96.0,28.0,6.0,29.0,30.0,2.0,,57.0,91.0,33.0,58.0,66.0,0.01,0.02,0.98,0.77,0.23,0.05,0.23,0.24,0.02,,0.46,0.73,0.27,0.47,0.53
33,02M411,Baruch College Campus High School,117,0.9914529914529915,,3.0,114.0,98.0,19.0,57.0,10.0,14.0,2.0,1.0,33.0,82.0,35.0,54.0,63.0,,0.03,0.97,0.84,0.16,0.49,0.09,0.12,0.02,0.01,0.28,0.7,0.3,0.46,0.54
34,02M412,N.Y.C. Lab School for Collaborative Studies,124,1.0,,1.0,123.0,108.0,16.0,26.0,6.0,16.0,10.0,,66.0,63.0,61.0,39.0,85.0,,0.01,0.99,0.87,0.13,0.21,0.05,0.13,0.08,,0.53,0.51,0.49,0.31,0.69
35,02M413,School of the Future High School,101,0.9702970297029703,,2.0,99.0,87.0,14.0,14.0,14.0,27.0,5.0,,41.0,52.0,49.0,41.0,60.0,,0.02,0.98,0.86,0.14,0.14,0.14,0.27,0.05,,0.41,0.51,0.49,0.41,0.59
36,02M414,N.Y.C. Museum School,114,0.9824561403508771,,5.0,109.0,99.0,15.0,46.0,13.0,34.0,3.0,,18.0,60.0,54.0,78.0,36.0,,0.04,0.96,0.87,0.13,0.4,0.11,0.3,0.03,,0.16,0.53,0.47,0.68,0.32
37,02M416,Eleanor Roosevelt High School,143,1.0,,,143.0,126.0,17.0,31.0,7.0,18.0,2.0,,85.0,84.0,59.0,44.0,99.0,,,1.0,0.88,0.12,0.22,0.05,0.13,0.01,,0.59,0.59,0.41,0.31,0.69
38,02M418,Millennium High School,174,0.9942528735632183,,2.0,172.0,151.0,23.0,67.0,11.0,36.0,5.0,,55.0,102.0,72.0,71.0,103.0,,0.01,0.99,0.87,0.13,0.39,0.06,0.21,0.03,,0.32,0.59,0.41,0.41,0.59
39,02M419,Landmark High School,67,0.7611940298507462,2.0,3.0,62.0,52.0,15.0,4.0,21.0,39.0,1.0,,2.0,34.0,33.0,59.0,8.0,0.03,0.04,0.93,0.78,0.22,0.06,0.31,0.58,0.01,,0.03,0.51,0.49,0.88,0.12
40,02M420,High School for Health Professions and Human Services,403,0.9081885856079405,5.0,18.0,380.0,362.0,41.0,94.0,62.0,206.0,1.0,5.0,35.0,296.0,107.0,315.0,88.0,0.01,0.04,0.94,0.9,0.1,0.23,0.15,0.51,0.0,0.01,0.09,0.73,0.27,0.78,0.22
41,02M422,Quest to Learn,79,0.7974683544303798,,6.0,73.0,49.0,30.0,5.0,22.0,26.0,4.0,1.0,21.0,22.0,57.0,44.0,35.0,,0.08,0.92,0.62,0.38,0.06,0.28,0.33,0.05,0.01,0.27,0.28,0.72,0.56,0.44
42,02M425,Leadership and Public Service High School,111,0.7657657657657657,6.0,5.0,100.0,86.0,25.0,3.0,35.0,66.0,1.0,,6.0,73.0,38.0,87.0,24.0,0.05,0.05,0.9,0.77,0.23,0.03,0.32,0.59,0.01,,0.05,0.66,0.34,0.78,0.22
43,02M427,MANHATTAN ACADEMY FOR ARTS & LANGUAGE,67,0.7761194029850746,18.0,30.0,19.0,63.0,4.0,2.0,2.0,62.0,,,1.0,32.0,35.0,65.0,2.0,0.27,0.45,0.28,0.94,0.06,0.03,0.03,0.93,,,0.01,0.48,0.52,0.97,0.03
44,02M432,Murray Hill Academy,67,0.6865671641791045,,1.0,66.0,46.0,21.0,5.0,25.0,33.0,1.0,,3.0,35.0,32.0,52.0,15.0,,0.01,0.99,0.69,0.31,0.07,0.37,0.49,0.01,,0.04,0.52,0.48,0.78,0.22
45,02M437,Hudson High School of Learning Technologies,109,0.6972477064220184,7.0,7.0,95.0,85.0,24.0,5.0,32.0,60.0,2.0,2.0,8.0,24.0,85.0,95.0,14.0,0.06,0.06,0.87,0.78,0.22,0.05,0.29,0.55,0.02,0.02,0.07,0.22,0.78,0.87,0.13
46,02M438,International High School at Union Square,69,0.7246376811594203,42.0,22.0,5.0,68.0,1.0,14.0,9.0,40.0,,,6.0,39.0,30.0,54.0,15.0,0.61,0.32,0.07,0.99,0.01,0.2,0.13,0.58,,,0.09,0.57,0.43,0.78,0.22
47,02M439,Manhattan Village Academy,125,1.0,,10.0,115.0,111.0,14.0,11.0,14.0,91.0,,,9.0,77.0,48.0,92.0,33.0,,0.08,0.92,0.89,0.11,0.09,0.11,0.73,,,0.07,0.62,0.38,0.74,0.26
48,02M449,Vanguard High School,122,0.7950819672131147,6.0,5.0,111.0,98.0,24.0,4.0,41.0,73.0,1.0,1.0,2.0,66.0,56.0,97.0,25.0,0.05,0.04,0.91,0.8,0.2,0.03,0.34,0.6,0.01,0.01,0.02,0.54,0.46,0.8,0.2
49,02M459,Manhattan International High School,73,0.7671232876712328,27.0,33.0,13.0,70.0,3.0,13.0,13.0,39.0,,,8.0,37.0,36.0,58.0,15.0,0.37,0.45,0.18,0.96,0.04,0.18,0.18,0.53,,,0.11,0.51,0.49,0.79,0.21
50,02M475,Stuyvesant High School,823,0.9866342648845686,,3.0,820.0,820.0,3.0,627.0,1.0,24.0,35.0,1.0,135.0,353.0,470.0,377.0,446.0,,0.0,1.0,1.0,0.0,0.76,0.0,0.03,0.04,0.0,0.16,0.43,0.57,0.46,0.54
51,02M489,High School of Economics and Finance,171,0.8830409356725146,3.0,13.0,155.0,142.0,29.0,37.0,44.0,76.0,2.0,2.0,10.0,73.0,98.0,131.0,40.0,0.02,0.08,0.91,0.83,0.17,0.22,0.26,0.44,0.01,0.01,0.06,0.43,0.57,0.77,0.23
52,02M500,Unity Center for Urban Technologies,66,0.9090909090909091,3.0,3.0,60.0,47.0,19.0,,21.0,42.0,1.0,,2.0,20.0,46.0,56.0,10.0,0.05,0.05,0.91,0.71,0.29,,0.32,0.64,0.02,,0.03,0.3,0.7,0.85,0.15
53,02M507,Urban Assembly Gateway School for Technology,100,0.93,2.0,5.0,93.0,80.0,20.0,9.0,24.0,58.0,2.0,,7.0,25.0,75.0,57.0,43.0,0.02,0.05,0.93,0.8,0.2,0.09,0.24,0.58,0.02,,0.07,0.25,0.75,0.57,0.43
54,02M519,Talent Unlimited High School,115,0.9826086956521739,,,115.0,101.0,14.0,6.0,34.0,54.0,2.0,,19.0,94.0,21.0,57.0,58.0,,,1.0,0.88,0.12,0.05,0.3,0.47,0.02,,0.17,0.82,0.18,0.5,0.5
55,02M520,Murry Bergtraum High School for Business Careers,79,0.7341772151898734,5.0,5.0,69.0,64.0,15.0,9.0,43.0,22.0,,1.0,4.0,39.0,40.0,63.0,16.0,0.06,0.06,0.87,0.81,0.19,0.11,0.54,0.28,,0.01,0.05,0.49,0.51,0.8,0.2
56,02M529,Jacqueline Kennedy Onassis High School,136,0.6323529411764706,7.0,7.0,122.0,109.0,27.0,8.0,31.0,90.0,2.0,2.0,3.0,82.0,54.0,110.0,26.0,0.05,0.05,0.9,0.8,0.2,0.06,0.23,0.66,0.01,0.01,0.02,0.6,0.4,0.81,0.19
57,02M531,Repertory Company High School for Theatre Arts,65,0.9846153846153847,,6.0,59.0,54.0,11.0,2.0,26.0,31.0,1.0,,5.0,53.0,12.0,50.0,15.0,,0.09,0.91,0.83,0.17,0.03,0.4,0.48,0.02,,0.08,0.82,0.18,0.77,0.23
58,02M533,Union Square Academy for Health Sciences,90,0.8444444444444444,4.0,6.0,80.0,75.0,15.0,14.0,13.0,57.0,1.0,1.0,4.0,72.0,18.0,78.0,12.0,0.04,0.07,0.89,0.83,0.17,0.16,0.14,0.63,0.01,0.01,0.04,0.8,0.2,0.87,0.13
59,02M534,Harvest Collegiate High School,118,0.864406779661017,1.0,1.0,116.0,88.0,30.0,9.0,35.0,45.0,4.0,,25.0,68.0,50.0,67.0,51.0,0.01,0.01,0.98,0.75,0.25,0.08,0.3,0.38,0.03,,0.21,0.58,0.42,0.57,0.43
60,02M542,Manhattan Bridges High School,122,0.9672131147540983,16.0,60.0,46.0,122.0,,,,122.0,,,,63.0,59.0,99.0,23.0,0.13,0.49,0.38,1.0,,,,1.0,,,,0.52,0.48,0.81,0.19
61,02M543,New Design High School,95,0.8421052631578947,1.0,10.0,84.0,65.0,30.0,8.0,33.0,46.0,4.0,,4.0,58.0,37.0,75.0,20.0,0.01,0.11,0.88,0.68,0.32,0.08,0.35,0.48,0.04,,0.04,0.61,0.39,0.79,0.21
62,02M544,Independence High School,126,0.12698412698412698,10.0,1.0,115.0,102.0,24.0,1.0,45.0,70.0,,,10.0,71.0,55.0,114.0,12.0,0.08,0.01,0.91,0.81,0.19,0.01,0.36,0.56,,,0.08,0.56,0.44,0.9,0.1
63,02M545,High School for Dual Language and Asian Studies,99,0.98989898989899,,32.0,67.0,98.0,1.0,87.0,3.0,5.0,3.0,,1.0,67.0,32.0,88.0,11.0,,0.32,0.68,0.99,0.01,0.88,0.03,0.05,0.03,,0.01,0.68,0.32,0.89,0.11
64,02M546,Academy for Software Engineering,113,0.8672566371681416,3.0,5.0,105.0,84.0,29.0,7.0,31.0,65.0,4.0,1.0,5.0,22.0,91.0,81.0,32.0,0.03,0.04,0.93,0.74,0.26,0.06,0.27,0.58,0.04,0.01,0.04,0.19,0.81,0.72,0.28
65,02M550,Liberty High School Academy for Newcomers,196,0.3877551020408163,135.0,29.0,32.0,188.0,8.0,14.0,45.0,120.0,,2.0,15.0,76.0,120.0,112.0,84.0,0.69,0.15,0.16,0.96,0.04,0.07,0.23,0.61,,0.01,0.08,0.39,0.61,0.57,0.43
66,02M551,Urban Assembly New York Harbor School,99,0.8585858585858586,,4.0,95.0,77.0,22.0,5.0,16.0,38.0,6.0,,34.0,35.0,64.0,50.0,49.0,,0.04,0.96,0.78,0.22,0.05,0.16,0.38,0.06,,0.34,0.35,0.65,0.51,0.49
67,02M560,High School M560 - City As School,226,0.42920353982300885,10.0,5.0,211.0,172.0,54.0,12.0,88.0,80.0,6.0,2.0,38.0,136.0,90.0,133.0,93.0,0.04,0.02,0.93,0.76,0.24,0.05,0.39,0.35,0.03,0.01,0.17,0.6,0.4,0.59,0.41
68,02M565,Urban Academy Laboratory High School,54,0.46296296296296297,,1.0,53.0,47.0,7.0,1.0,15.0,24.0,,,14.0,37.0,17.0,33.0,21.0,,0.02,0.98,0.87,0.13,0.02,0.28,0.44,,,0.26,0.69,0.31,0.61,0.39
69,02M570,Satellite Academy High School,99,0.0707070707070707,3.0,2.0,94.0,76.0,23.0,,37.0,58.0,,2.0,2.0,61.0,38.0,84.0,15.0,0.03,0.02,0.95,0.77,0.23,,0.37,0.59,,0.02,0.02,0.62,0.38,0.85,0.15
70,02M575,Manhattan Comprehensive Night and Day High School,279,0.27956989247311825,151.0,20.0,108.0,255.0,24.0,73.0,74.0,113.0,1.0,3.0,15.0,118.0,161.0,245.0,34.0,0.54,0.07,0.39,0.91,0.09,0.26,0.27,0.41,0.0,0.01,0.05,0.42,0.58,0.88,0.12
71,02M580,Richard R. Green High School of Teaching,117,0.7521367521367521,,5.0,112.0,97.0,20.0,8.0,31.0,72.0,3.0,1.0,2.0,77.0,40.0,100.0,17.0,,0.04,0.96,0.83,0.17,0.07,0.26,0.62,0.03,0.01,0.02,0.66,0.34,0.85,0.15
72,02M586,Harvey Milk High School,36,0.2222222222222222,,1.0,35.0,20.0,16.0,,10.0,23.0,,,3.0,22.0,14.0,31.0,5.0,,0.03,0.97,0.56,0.44,,0.28,0.64,,,0.08,0.61,0.39,0.86,0.14
73,02M600,The High School of Fashion Industries,382,0.9502617801047121,6.0,16.0,360.0,327.0,55.0,29.0,140.0,196.0,3.0,1.0,13.0,356.0,26.0,319.0,63.0,0.02,0.04,0.94,0.86,0.14,0.08,0.37,0.51,0.01,0.0,0.03,0.93,0.07,0.84,0.16
74,02M605,Humanities Preparatory Academy,55,0.8909090909090909,,3.0,52.0,52.0,3.0,5.0,15.0,29.0,,,6.0,33.0,22.0,42.0,13.0,,0.05,0.95,0.95,0.05,0.09,0.27,0.53,,,0.11,0.6,0.4,0.76,0.24
75,02M615,Chelsea Career and Technical Education High School,94,0.8085106382978723,2.0,3.0,89.0,79.0,15.0,14.0,19.0,51.0,4.0,1.0,5.0,23.0,71.0,88.0,6.0,0.02,0.03,0.95,0.84,0.16,0.15,0.2,0.54,0.04,0.01,0.05,0.24,0.76,0.94,0.06
76,02M630,Art and Design High School,366,0.8852459016393442,1.0,11.0,354.0,290.0,76.0,20.0,75.0,208.0,16.0,1.0,46.0,216.0,150.0,241.0,125.0,0.0,0.03,0.97,0.79,0.21,0.05,0.2,0.57,0.04,0.0,0.13,0.59,0.41,0.66,0.34
77,02M655,Life Sciences Secondary School,119,0.7478991596638656,5.0,6.0,108.0,89.0,30.0,6.0,43.0,62.0,5.0,,3.0,57.0,62.0,89.0,30.0,0.04,0.05,0.91,0.75,0.25,0.05,0.36,0.52,0.04,,0.03,0.48,0.52,0.75,0.25
78,03M299,The Maxine Greene HS for Imaginative Inquiry,91,0.6593406593406593,6.0,3.0,82.0,69.0,22.0,,33.0,52.0,3.0,2.0,1.0,44.0,47.0,72.0,19.0,0.07,0.03,0.9,0.76,0.24,,0.36,0.57,0.03,0.02,0.01,0.48,0.52,0.79,0.21
79,03M307,"Urban Assembly School for Media Studies, The",106,0.7641509433962265,4.0,8.0,94.0,85.0,21.0,,44.0,58.0,2.0,,2.0,58.0,48.0,84.0,22.0,0.04,0.08,0.89,0.8,0.2,,0.42,0.55,0.02,,0.02,0.55,0.45,0.79,0.21
80,03M402,The Urban Assembly School for Green Careers,85,0.788235294117647,12.0,5.0,68.0,63.0,22.0,2.0,24.0,53.0,,,6.0,45.0,40.0,78.0,7.0,0.14,0.06,0.8,0.74,0.26,0.02,0.28,0.62,,,0.07,0.53,0.47,0.92,0.08
81,03M403,The Global Learning Collaborative,106,0.8018867924528302,7.0,17.0,82.0,84.0,22.0,1.0,26.0,75.0,1.0,,3.0,49.0,57.0,87.0,19.0,0.07,0.16,0.77,0.79,0.21,0.01,0.25,0.71,0.01,,0.03,0.46,0.54,0.82,0.18
82,03M404,Innovation Diploma Plus,102,0.23529411764705882,5.0,6.0,91.0,92.0,10.0,2.0,35.0,63.0,,,2.0,55.0,47.0,90.0,12.0,0.05,0.06,0.89,0.9,0.1,0.02,0.34,0.62,,,0.02,0.54,0.46,0.88,0.12
83,03M415,Wadleigh Secondary School for the Performing & Visual Arts,44,0.8181818181818182,1.0,3.0,40.0,34.0,10.0,1.0,27.0,12.0,1.0,,3.0,26.0,18.0,30.0,14.0,0.02,0.07,0.91,0.77,0.23,0.02,0.61,0.27,0.02,,0.07,0.59,0.41,0.68,0.32
84,03M417,Frank Mccourt High School,94,0.9361702127659575,1.0,2.0,91.0,77.0,17.0,4.0,16.0,43.0,4.0,,27.0,60.0,34.0,59.0,35.0,0.01,0.02,0.97,0.82,0.18,0.04,0.17,0.46,0.04,,0.29,0.64,0.36,0.63,0.37
85,03M479,Beacon High School,319,0.9811912225705329,,1.0,318.0,302.0,17.0,28.0,45.0,62.0,4.0,1.0,179.0,204.0,115.0,77.0,242.0,,0.0,1.0,0.95,0.05,0.09,0.14,0.19,0.01,0.0,0.56,0.64,0.36,0.24,0.76
86,03M485,Fiorello H. LaGuardia High School of Music & Art and Performing Arts,609,0.9819376026272578,,1.0,608.0,599.0,10.0,128.0,62.0,108.0,30.0,1.0,280.0,446.0,163.0,200.0,409.0,,0.0,1.0,0.98,0.02,0.21,0.1,0.18,0.05,0.0,0.46,0.73,0.27,0.33,0.67
87,03M492,"High School for Law, Advocacy and Community Justice",117,0.7777777777777778,4.0,7.0,106.0,97.0,20.0,4.0,39.0,72.0,,,2.0,68.0,49.0,106.0,11.0,0.03,0.06,0.91,0.83,0.17,0.03,0.33,0.62,,,0.02,0.58,0.42,0.91,0.09
88,03M494,High School of Arts and Technology,121,0.5702479338842975,8.0,8.0,105.0,92.0,29.0,3.0,43.0,72.0,,1.0,2.0,38.0,83.0,106.0,15.0,0.07,0.07,0.87,0.76,0.24,0.02,0.36,0.6,,0.01,0.02,0.31,0.69,0.88,0.12
89,03M505,Edward A. Reynolds West Side High School,167,0.10179640718562874,21.0,7.0,139.0,124.0,43.0,,43.0,118.0,,1.0,5.0,70.0,97.0,160.0,7.0,0.13,0.04,0.83,0.74,0.26,,0.26,0.71,,0.01,0.03,0.42,0.58,0.96,0.04
90,03M541,Manhattan / Hunter Science High School,113,0.9646017699115044,,,113.0,99.0,14.0,35.0,16.0,39.0,4.0,2.0,17.0,60.0,53.0,65.0,48.0,,,1.0,0.88,0.12,0.31,0.14,0.35,0.04,0.02,0.15,0.53,0.47,0.58,0.42
91,03M859,Special Music School,45,0.9777777777777777,,,45.0,41.0,4.0,9.0,10.0,10.0,3.0,,13.0,24.0,21.0,14.0,31.0,,,1.0,0.91,0.09,0.2,0.22,0.22,0.07,,0.29,0.53,0.47,0.31,0.69
92,03M860,Frederick Douglass Academy II Secondary School,74,0.7837837837837838,5.0,6.0,63.0,61.0,13.0,2.0,51.0,19.0,1.0,,1.0,30.0,44.0,58.0,16.0,0.07,0.08,0.85,0.82,0.18,0.03,0.69,0.26,0.01,,0.01,0.41,0.59,0.78,0.22
93,04M372,Esperanza Preparatory Academy,84,0.6547619047619048,25.0,18.0,41.0,68.0,16.0,1.0,9.0,72.0,,,2.0,40.0,44.0,73.0,11.0,0.3,0.21,0.49,0.81,0.19,0.01,0.11,0.86,,,0.02,0.48,0.52,0.87,0.13
94,04M409,COALITION SCHOOL FOR SOCIAL CHANGE,40,0.825,1.0,4.0,35.0,24.0,16.0,2.0,7.0,26.0,1.0,,4.0,20.0,20.0,39.0,1.0,0.02,0.1,0.88,0.6,0.4,0.05,0.18,0.65,0.02,,0.1,0.5,0.5,0.98,0.02
95,04M435,Manhattan Center for Science and Mathematics,381,0.9816272965879265,4.0,29.0,348.0,364.0,17.0,79.0,77.0,190.0,7.0,3.0,25.0,188.0,193.0,322.0,59.0,0.01,0.08,0.91,0.96,0.04,0.21,0.2,0.5,0.02,0.01,0.07,0.49,0.51,0.85,0.15
96,04M495,Park East High School,92,0.9891304347826086,1.0,3.0,88.0,82.0,10.0,2.0,19.0,67.0,2.0,1.0,1.0,45.0,47.0,81.0,11.0,0.01,0.03,0.96,0.89,0.11,0.02,0.21,0.73,0.02,0.01,0.01,0.49,0.51,0.88,0.12
97,04M555,Central Park East High School,131,0.9694656488549618,1.0,6.0,124.0,116.0,15.0,14.0,33.0,74.0,,1.0,9.0,86.0,45.0,111.0,20.0,0.01,0.05,0.95,0.89,0.11,0.11,0.25,0.56,,0.01,0.07,0.66,0.34,0.85,0.15
98,04M610,Young Women's Leadership School,86,1.0,,,86.0,66.0,20.0,8.0,18.0,56.0,2.0,,2.0,86.0,,65.0,21.0,,,1.0,0.77,0.23,0.09,0.21,0.65,0.02,,0.02,1.0,,0.76,0.24
99,04M680,"Heritage School, The",51,0.803921568627451,2.0,1.0,48.0,39.0,12.0,,16.0,34.0,,,1.0,24.0,27.0,50.0,1.0,0.04,0.02,0.94,0.76,0.24,,0.31,0.67,,,0.02,0.47,0.53,0.98,0.02
100,05M157,The Urban Assembly School for Global Commerce,77,0.5844155844155844,4.0,4.0,69.0,60.0,17.0,1.0,33.0,39.0,2.0,,2.0,39.0,38.0,62.0,15.0,0.05,0.05,0.9,0.78,0.22,0.01,0.43,0.51,0.03,,0.03,0.51,0.49,0.81,0.19
101,05M285,Harlem Renaissance High School,94,0.13829787234042554,12.0,12.0,70.0,68.0,26.0,2.0,51.0,39.0,,1.0,1.0,49.0,45.0,87.0,7.0,0.13,0.13,0.74,0.72,0.28,0.02,0.54,0.41,,0.01,0.01,0.52,0.48,0.93,0.07
102,05M304,Mott Hall High School,82,0.6585365853658537,6.0,9.0,67.0,56.0,26.0,1.0,27.0,49.0,2.0,,3.0,34.0,48.0,78.0,4.0,0.07,0.11,0.82,0.68,0.32,0.01,0.33,0.6,0.02,,0.04,0.41,0.59,0.95,0.05
103,05M362,Columbia Secondary School,90,0.9888888888888889,,,90.0,85.0,5.0,10.0,21.0,43.0,1.0,,15.0,44.0,46.0,61.0,29.0,,,1.0,0.94,0.06,0.11,0.23,0.48,0.01,,0.17,0.49,0.51,0.68,0.32
104,05M367,ACADEMY FOR SOCIAL ACTION,27,0.3333333333333333,10.0,1.0,16.0,20.0,7.0,,12.0,14.0,,,1.0,14.0,13.0,25.0,2.0,0.37,0.04,0.59,0.74,0.26,,0.44,0.52,,,0.04,0.52,0.48,0.93,0.07
105,05M369,Urban Assembly School for the Performing Arts,75,0.72,,1.0,74.0,51.0,24.0,,46.0,26.0,1.0,1.0,1.0,56.0,19.0,68.0,7.0,,0.01,0.99,0.68,0.32,,0.61,0.35,0.01,0.01,0.01,0.75,0.25,0.91,0.09
106,05M499,Frederick Douglass Academy,238,0.8571428571428571,2.0,10.0,226.0,208.0,30.0,6.0,166.0,52.0,9.0,,5.0,109.0,129.0,170.0,68.0,0.01,0.04,0.95,0.87,0.13,0.03,0.7,0.22,0.04,,0.02,0.46,0.54,0.71,0.29
107,05M670,Thurgood Marshall Academy for Learning and Social Change,81,0.8024691358024691,1.0,1.0,79.0,72.0,9.0,2.0,61.0,18.0,,,,51.0,30.0,57.0,24.0,0.01,0.01,0.98,0.89,0.11,0.02,0.75,0.22,,,,0.63,0.37,0.7,0.3
108,05M692,"High School for Mathematics, Science and Engineering at City College",108,0.9814814814814815,,2.0,106.0,105.0,3.0,52.0,11.0,14.0,5.0,,26.0,30.0,78.0,52.0,56.0,,0.02,0.98,0.97,0.03,0.48,0.1,0.13,0.05,,0.24,0.28,0.72,0.48,0.52
109,06M211,Inwood Early College for Health and Information Technologies,86,0.8604651162790697,2.0,7.0,77.0,73.0,13.0,3.0,18.0,61.0,2.0,,2.0,36.0,50.0,78.0,8.0,0.02,0.08,0.9,0.85,0.15,0.03,0.21,0.71,0.02,,0.02,0.42,0.58,0.91,0.09
110,06M293,City College Academy of the Arts,84,1.0,,2.0,82.0,77.0,7.0,2.0,3.0,76.0,,,3.0,49.0,35.0,68.0,16.0,,0.02,0.98,0.92,0.08,0.02,0.04,0.9,,,0.04,0.58,0.42,0.81,0.19
111,06M346,Community Health Academy of the Heights,89,0.8089887640449438,8.0,17.0,64.0,76.0,13.0,,3.0,86.0,,,,40.0,49.0,84.0,5.0,0.09,0.19,0.72,0.85,0.15,,0.03,0.97,,,,0.45,0.55,0.94,0.06
112,06M348,Washington Heights Expeditionary Learning School,91,0.7582417582417582,9.0,6.0,76.0,76.0,15.0,,8.0,83.0,,,,37.0,54.0,76.0,15.0,0.1,0.07,0.84,0.84,0.16,,0.09,0.91,,,,0.41,0.59,0.84,0.16
113,06M423,High School for Excellence and Innovation,59,0.4576271186440678,25.0,6.0,28.0,47.0,12.0,,5.0,53.0,,,1.0,31.0,28.0,56.0,3.0,0.42,0.1,0.47,0.8,0.2,,0.08,0.9,,,0.02,0.53,0.47,0.95,0.05
114,06M462,The College Academy,103,0.7087378640776699,42.0,11.0,50.0,79.0,24.0,,11.0,91.0,1.0,,,49.0,54.0,101.0,2.0,0.41,0.11,0.49,0.77,0.23,,0.11,0.88,0.01,,,0.48,0.52,0.98,0.02
115,06M463,High School for Media and Communications,101,0.6237623762376238,43.0,13.0,45.0,89.0,12.0,1.0,11.0,86.0,,1.0,2.0,49.0,52.0,97.0,4.0,0.43,0.13,0.45,0.88,0.12,0.01,0.11,0.85,,0.01,0.02,0.49,0.51,0.96,0.04
116,06M467,High School for Law and Public Service,154,0.6688311688311688,47.0,19.0,88.0,120.0,34.0,,25.0,127.0,,,2.0,67.0,87.0,134.0,20.0,0.31,0.12,0.57,0.78,0.22,,0.16,0.82,,,0.01,0.44,0.56,0.87,0.13
117,06M468,High School for Health Careers and Sciences,106,0.7547169811320755,31.0,18.0,57.0,81.0,25.0,2.0,11.0,92.0,,,1.0,42.0,64.0,102.0,4.0,0.29,0.17,0.54,0.76,0.24,0.02,0.1,0.87,,,0.01,0.4,0.6,0.96,0.04
118,06M540,A. Philip Randolph Campus High School,239,0.7866108786610879,14.0,23.0,202.0,198.0,41.0,12.0,70.0,141.0,7.0,2.0,7.0,112.0,127.0,209.0,30.0,0.06,0.1,0.85,0.83,0.17,0.05,0.29,0.59,0.03,0.01,0.03,0.47,0.53,0.87,0.13
119,06M552,Gregorio Luperon High School for Science and Mathematics,116,0.8103448275862069,46.0,48.0,22.0,115.0,1.0,,,116.0,,,,66.0,50.0,111.0,5.0,0.4,0.41,0.19,0.99,0.01,,,1.0,,,,0.57,0.43,0.96,0.04
120,07X221,South Bronx Preparatory: A College Board School,92,0.9456521739130435,1.0,3.0,88.0,72.0,20.0,2.0,23.0,65.0,,,2.0,55.0,37.0,87.0,5.0,0.01,0.03,0.96,0.78,0.22,0.02,0.25,0.71,,,0.02,0.6,0.4,0.95,0.05
121,07X223,The Laboratory School of Finance and Technology: X223,117,0.9145299145299145,5.0,3.0,109.0,98.0,19.0,,26.0,88.0,1.0,,2.0,65.0,52.0,115.0,2.0,0.04,0.03,0.93,0.84,0.16,,0.22,0.75,0.01,,0.02,0.56,0.44,0.98,0.02
122,07X259,"H.E.R.O. High (Health, Education, and Research Occupations High School)",100,0.71,5.0,6.0,89.0,79.0,21.0,1.0,36.0,60.0,,2.0,1.0,65.0,35.0,85.0,15.0,0.05,0.06,0.89,0.79,0.21,0.01,0.36,0.6,,0.02,0.01,0.65,0.35,0.85,0.15
123,07X334,International Community High School,85,0.8235294117647058,48.0,26.0,11.0,82.0,3.0,3.0,10.0,72.0,,,,36.0,49.0,80.0,5.0,0.56,0.31,0.13,0.96,0.04,0.04,0.12,0.85,,,,0.42,0.58,0.94,0.06
124,07X379,Jill Chaifetz Transfer High School,99,0.0707070707070707,10.0,5.0,84.0,79.0,20.0,3.0,28.0,66.0,,1.0,1.0,52.0,47.0,80.0,19.0,0.1,0.05,0.85,0.8,0.2,0.03,0.28,0.67,,0.01,0.01,0.53,0.47,0.81,0.19
125,07X381,Bronx Haven High School,66,0.06060606060606061,7.0,,59.0,54.0,12.0,,30.0,36.0,,,,33.0,33.0,61.0,5.0,0.11,,0.89,0.82,0.18,,0.45,0.55,,,,0.5,0.5,0.92,0.08
126,07X427,Community School for Social Justice,65,0.6615384615384615,7.0,5.0,53.0,49.0,16.0,,25.0,39.0,,,1.0,35.0,30.0,59.0,6.0,0.11,0.08,0.82,0.75,0.25,,0.38,0.6,,,0.02,0.54,0.46,0.91,0.09
127,07X473,Mott Haven Village Preparatory High School,96,0.4791666666666667,18.0,4.0,74.0,69.0,27.0,,24.0,70.0,1.0,,1.0,46.0,50.0,89.0,7.0,0.19,0.04,0.77,0.72,0.28,,0.25,0.73,0.01,,0.01,0.48,0.52,0.93,0.07
128,07X495,University Heights Secondary School,103,1.0,,4.0,99.0,87.0,16.0,6.0,26.0,69.0,,2.0,,55.0,48.0,89.0,14.0,,0.04,0.96,0.84,0.16,0.06,0.25,0.67,,0.02,,0.53,0.47,0.86,0.14
129,07X500,Hostos-Lincoln Academy of Science,79,0.8860759493670886,,1.0,78.0,66.0,13.0,,19.0,57.0,2.0,,1.0,47.0,32.0,60.0,19.0,,0.01,0.99,0.84,0.16,,0.24,0.72,0.03,,0.01,0.59,0.41,0.76,0.24
130,07X520,FOREIGN LANGUAGE ACADEMY OF GLOBAL STUDIES,5,0.0,3.0,,2.0,5.0,,,1.0,4.0,,,,1.0,4.0,3.0,2.0,0.6,,0.4,1.0,,,0.2,0.8,,,,0.2,0.8,0.6,0.4
131,07X522,Bronx Design and Construction Academy,120,0.5416666666666666,15.0,12.0,93.0,91.0,29.0,2.0,33.0,82.0,,,3.0,29.0,91.0,97.0,23.0,0.12,0.1,0.78,0.76,0.24,0.02,0.28,0.68,,,0.02,0.24,0.76,0.81,0.19
132,07X527,Bronx Leadership Academy II High School,135,0.7111111111111111,20.0,7.0,108.0,95.0,40.0,2.0,43.0,86.0,1.0,,3.0,60.0,75.0,127.0,8.0,0.15,0.05,0.8,0.7,0.3,0.01,0.32,0.64,0.01,,0.02,0.44,0.56,0.94,0.06
133,07X547,NEW EXPLORERS HIGH SCHOOL,65,0.5230769230769231,11.0,4.0,50.0,48.0,17.0,1.0,16.0,48.0,,,,36.0,29.0,52.0,13.0,0.17,0.06,0.77,0.74,0.26,0.02,0.25,0.74,,,,0.55,0.45,0.8,0.2
134,07X548,Careers in Sports High School,135,0.5777777777777777,9.0,,126.0,100.0,35.0,1.0,42.0,88.0,,,4.0,25.0,110.0,124.0,11.0,0.07,,0.93,0.74,0.26,0.01,0.31,0.65,,,0.03,0.19,0.81,0.92,0.08
135,07X551,The Urban Assembly Bronx Academy of Letters,84,0.8333333333333334,12.0,4.0,68.0,64.0,20.0,,26.0,56.0,,,2.0,41.0,43.0,68.0,16.0,0.14,0.05,0.81,0.76,0.24,,0.31,0.67,,,0.02,0.49,0.51,0.81,0.19
136,07X557,Mott Haven Community High School,105,0.24761904761904763,7.0,11.0,87.0,72.0,33.0,,28.0,72.0,,,5.0,43.0,62.0,91.0,14.0,0.07,0.1,0.83,0.69,0.31,,0.27,0.69,,,0.05,0.41,0.59,0.87,0.13
137,07X600,Alfred E. Smith Career and Technical Education High School,90,0.7555555555555555,22.0,4.0,64.0,63.0,27.0,2.0,19.0,69.0,,,,6.0,84.0,76.0,14.0,0.24,0.04,0.71,0.7,0.3,0.02,0.21,0.77,,,,0.07,0.93,0.84,0.16
138,07X670,Health Opportunities High School,144,0.6041666666666666,6.0,15.0,123.0,116.0,28.0,5.0,65.0,72.0,1.0,,1.0,87.0,57.0,120.0,24.0,0.04,0.1,0.85,0.81,0.19,0.03,0.45,0.5,0.01,,0.01,0.6,0.4,0.83,0.17
139,08X269,Bronx Studio School for Writers and Artists,74,0.7432432432432432,3.0,8.0,63.0,62.0,12.0,1.0,12.0,61.0,,,,41.0,33.0,65.0,9.0,0.04,0.11,0.85,0.84,0.16,0.01,0.16,0.82,,,,0.55,0.45,0.88,0.12
140,08X282,Women's Academy of Excellence,60,0.6,12.0,2.0,46.0,47.0,13.0,9.0,24.0,24.0,,2.0,1.0,60.0,,58.0,2.0,0.2,0.03,0.77,0.78,0.22,0.15,0.4,0.4,,0.03,0.02,1.0,,0.97,0.03
141,08X293,Renaissance High School for Musical Theater and the Arts,113,0.7433628318584071,3.0,7.0,103.0,88.0,25.0,4.0,29.0,68.0,1.0,1.0,10.0,59.0,54.0,78.0,35.0,0.03,0.06,0.91,0.78,0.22,0.04,0.26,0.6,0.01,0.01,0.09,0.52,0.48,0.69,0.31
142,08X305,PABLO NERUDA ACADEMY,20,0.25,2.0,,18.0,14.0,6.0,,7.0,11.0,,1.0,1.0,10.0,10.0,17.0,3.0,0.1,,0.9,0.7,0.3,,0.35,0.55,,0.05,0.05,0.5,0.5,0.85,0.15
143,08X312,Millennium Art Academy,105,0.780952380952381,5.0,7.0,93.0,74.0,31.0,2.0,32.0,67.0,1.0,1.0,2.0,56.0,49.0,73.0,32.0,0.05,0.07,0.89,0.7,0.3,0.02,0.3,0.64,0.01,0.01,0.02,0.53,0.47,0.7,0.3
144,08X320,Pelham Lab High School,108,0.6574074074074074,10.0,8.0,90.0,88.0,20.0,10.0,21.0,63.0,,3.0,11.0,46.0,62.0,90.0,18.0,0.09,0.07,0.83,0.81,0.19,0.09,0.19,0.58,,0.03,0.1,0.43,0.57,0.83,0.17
145,08X332,HOLCOMBE L RUCKER SCHOOL OF COMMUNITY RESEARCH,31,0.7419354838709677,3.0,3.0,25.0,21.0,10.0,1.0,14.0,15.0,,,1.0,12.0,19.0,28.0,3.0,0.1,0.1,0.81,0.68,0.32,0.03,0.45,0.48,,,0.03,0.39,0.61,0.9,0.1
146,08X348,Schuylerville Preparatory High School,99,0.8181818181818182,8.0,6.0,85.0,80.0,19.0,5.0,25.0,62.0,1.0,,6.0,47.0,52.0,78.0,21.0,0.08,0.06,0.86,0.81,0.19,0.05,0.25,0.63,0.01,,0.06,0.47,0.53,0.79,0.21
147,08X349,Bronx River High School,105,0.8380952380952381,7.0,17.0,81.0,81.0,24.0,6.0,26.0,63.0,,4.0,6.0,46.0,59.0,80.0,25.0,0.07,0.16,0.77,0.77,0.23,0.06,0.25,0.6,,0.04,0.06,0.44,0.56,0.76,0.24
148,08X367,"Archimedes Academy for Math, Science and Technology Applications",78,0.6538461538461539,5.0,2.0,71.0,58.0,20.0,6.0,23.0,46.0,1.0,1.0,1.0,28.0,50.0,69.0,9.0,0.06,0.03,0.91,0.74,0.26,0.08,0.29,0.59,0.01,0.01,0.01,0.36,0.64,0.88,0.12
149,08X376,Antonia Pantoja Preparatory Academy: A College Board School,55,0.509090909090909,8.0,6.0,41.0,44.0,11.0,8.0,12.0,34.0,,1.0,,29.0,26.0,40.0,15.0,0.15,0.11,0.75,0.8,0.2,0.15,0.22,0.62,,0.02,,0.53,0.47,0.73,0.27
150,08X377,Bronx Community High School,81,0.13580246913580246,10.0,,71.0,59.0,22.0,1.0,20.0,60.0,,,,45.0,36.0,69.0,12.0,0.12,,0.88,0.73,0.27,0.01,0.25,0.74,,,,0.56,0.44,0.85,0.15
151,08X405,Herbert H. Lehman High School,183,0.5737704918032787,28.0,11.0,144.0,137.0,46.0,29.0,26.0,105.0,,,23.0,74.0,109.0,143.0,40.0,0.15,0.06,0.79,0.75,0.25,0.16,0.14,0.57,,,0.13,0.4,0.6,0.78,0.22
152,08X432,Bronx Bridges High School,85,0.7058823529411765,64.0,12.0,9.0,77.0,8.0,8.0,3.0,73.0,,,1.0,40.0,45.0,74.0,11.0,0.75,0.14,0.11,0.91,0.09,0.09,0.04,0.86,,,0.01,0.47,0.53,0.87,0.13
153,08X452,Gotham Collaborative High School,145,0.6482758620689655,29.0,9.0,107.0,96.0,49.0,11.0,41.0,87.0,1.0,4.0,1.0,52.0,93.0,124.0,21.0,0.2,0.06,0.74,0.66,0.34,0.08,0.28,0.6,0.01,0.03,0.01,0.36,0.64,0.86,0.14
154,08X519,FELISA RINCON DE GAUTIER INSTITUTE FOR LAW AND PUBLIC POLICY THE,61,0.29508196721311475,24.0,2.0,35.0,48.0,13.0,,8.0,50.0,,1.0,2.0,30.0,31.0,60.0,1.0,0.39,0.03,0.57,0.79,0.21,,0.13,0.82,,0.02,0.03,0.49,0.51,0.98,0.02
155,08X530,Longwood Preparatory Academy,47,0.6382978723404256,4.0,3.0,40.0,23.0,24.0,,12.0,34.0,,,1.0,23.0,24.0,42.0,5.0,0.09,0.06,0.85,0.49,0.51,,0.26,0.72,,,0.02,0.49,0.51,0.89,0.11
156,08X537,Bronx Arena High School,67,0.16417910447761194,3.0,2.0,62.0,65.0,2.0,1.0,18.0,45.0,,,3.0,36.0,31.0,61.0,6.0,0.04,0.03,0.93,0.97,0.03,0.01,0.27,0.67,,,0.04,0.54,0.46,0.91,0.09
157,08X558,Westchester Square Academy,166,0.7590361445783133,17.0,5.0,144.0,138.0,28.0,9.0,31.0,102.0,3.0,2.0,19.0,81.0,85.0,134.0,32.0,0.1,0.03,0.87,0.83,0.17,0.05,0.19,0.61,0.02,0.01,0.11,0.49,0.51,0.81,0.19
158,08X559,School for Tourism and Hospitality,94,0.4148936170212766,17.0,5.0,72.0,77.0,17.0,1.0,30.0,63.0,,,,60.0,34.0,81.0,13.0,0.18,0.05,0.77,0.82,0.18,0.01,0.32,0.67,,,,0.64,0.36,0.86,0.14
159,08X561,Bronx Compass High School,116,0.6379310344827587,7.0,6.0,103.0,82.0,34.0,7.0,38.0,69.0,,,2.0,44.0,72.0,86.0,30.0,0.06,0.05,0.89,0.71,0.29,0.06,0.33,0.59,,,0.02,0.38,0.62,0.74,0.26
160,09X227,Bronx Collegiate Academy,90,0.8555555555555555,9.0,8.0,73.0,69.0,21.0,3.0,20.0,66.0,1.0,,,45.0,45.0,71.0,19.0,0.1,0.09,0.81,0.77,0.23,0.03,0.22,0.73,0.01,,,0.5,0.5,0.79,0.21
161,09X231,Eagle Academy for Young Men,82,0.7195121951219512,5.0,3.0,74.0,60.0,22.0,1.0,45.0,36.0,,,,,82.0,59.0,23.0,0.06,0.04,0.9,0.73,0.27,0.01,0.55,0.44,,,,,1.0,0.72,0.28
162,09X241,"Urban Assembly School for Applied Math and Science, The",94,0.851063829787234,5.0,9.0,80.0,69.0,25.0,,34.0,58.0,,,2.0,45.0,49.0,83.0,11.0,0.05,0.1,0.85,0.73,0.27,,0.36,0.62,,,0.02,0.48,0.52,0.88,0.12
163,09X250,Eximius College Preparatory Academy: A College Board School,103,0.8155339805825242,3.0,9.0,91.0,75.0,28.0,4.0,52.0,43.0,2.0,,2.0,55.0,48.0,88.0,15.0,0.03,0.09,0.88,0.73,0.27,0.04,0.5,0.42,0.02,,0.02,0.53,0.47,0.85,0.15
164,09X252,Mott Hall Bronx High School,102,0.8137254901960784,9.0,10.0,83.0,78.0,24.0,3.0,24.0,72.0,3.0,,,49.0,53.0,91.0,11.0,0.09,0.1,0.81,0.76,0.24,0.03,0.24,0.71,0.03,,,0.48,0.52,0.89,0.11
165,09X260,Bronx Center for Science and Mathematics,113,0.911504424778761,3.0,4.0,106.0,95.0,18.0,10.0,34.0,67.0,1.0,,1.0,65.0,48.0,95.0,18.0,0.03,0.04,0.94,0.84,0.16,0.09,0.3,0.59,0.01,,0.01,0.58,0.42,0.84,0.16
166,09X263,Validus Preparatory Academy,91,0.6373626373626373,10.0,4.0,77.0,65.0,26.0,,23.0,67.0,,,1.0,50.0,41.0,80.0,11.0,0.11,0.04,0.85,0.71,0.29,,0.25,0.74,,,0.01,0.55,0.45,0.88,0.12
167,09X276,LEADERSHIP INSTITUTE,5,0.0,2.0,,3.0,2.0,3.0,,1.0,4.0,,,,2.0,3.0,3.0,2.0,0.4,,0.6,0.4,0.6,,0.2,0.8,,,,0.4,0.6,0.6,0.4
168,09X297,Morris Academy for Collaborative Studies,90,0.7333333333333333,15.0,8.0,67.0,58.0,32.0,1.0,27.0,60.0,,1.0,1.0,42.0,48.0,84.0,6.0,0.17,0.09,0.74,0.64,0.36,0.01,0.3,0.67,,0.01,0.01,0.47,0.53,0.93,0.07
169,09X324,Bronx Early College Academy for Teaching & Learning,61,0.8688524590163934,3.0,2.0,56.0,52.0,9.0,2.0,13.0,46.0,,,,37.0,24.0,50.0,11.0,0.05,0.03,0.92,0.85,0.15,0.03,0.21,0.75,,,,0.61,0.39,0.82,0.18
170,09X327,Comprehensive Model School Project M.S. 327,104,0.8653846153846154,5.0,7.0,92.0,81.0,23.0,,29.0,74.0,,,1.0,48.0,56.0,92.0,12.0,0.05,0.07,0.88,0.78,0.22,,0.28,0.71,,,0.01,0.46,0.54,0.88,0.12
171,09X329,DreamYard Preparatory School,76,0.5394736842105263,24.0,1.0,51.0,55.0,21.0,,24.0,51.0,1.0,,,40.0,36.0,59.0,17.0,0.32,0.01,0.67,0.72,0.28,,0.32,0.67,0.01,,,0.53,0.47,0.78,0.22
172,09X350,New Directions Secondary School,20,0.15,11.0,,9.0,17.0,3.0,,2.0,18.0,,,,10.0,10.0,19.0,1.0,0.55,,0.45,0.85,0.15,,0.1,0.9,,,,0.5,0.5,0.95,0.05
173,09X365,Academy for Language and Technology,75,0.96,22.0,23.0,30.0,66.0,9.0,,,75.0,,,,23.0,52.0,72.0,3.0,0.29,0.31,0.4,0.88,0.12,,,1.0,,,,0.31,0.69,0.96,0.04
174,09X403,Bronx International High School,97,0.6288659793814433,82.0,14.0,1.0,89.0,8.0,4.0,17.0,76.0,,,,47.0,50.0,91.0,6.0,0.85,0.14,0.01,0.92,0.08,0.04,0.18,0.78,,,,0.48,0.52,0.94,0.06
175,09X404,School for Excellence,86,0.6627906976744186,13.0,4.0,69.0,65.0,21.0,1.0,26.0,55.0,,1.0,3.0,37.0,49.0,79.0,7.0,0.15,0.05,0.8,0.76,0.24,0.01,0.3,0.64,,0.01,0.03,0.43,0.57,0.92,0.08
176,09X412,Bronx High School of Business,66,0.6212121212121212,27.0,8.0,31.0,50.0,16.0,1.0,16.0,48.0,,,1.0,35.0,31.0,55.0,11.0,0.41,0.12,0.47,0.76,0.24,0.02,0.24,0.73,,,0.02,0.53,0.47,0.83,0.17
177,09X413,Bronx High School for Medical Science,68,0.7647058823529411,,1.0,67.0,59.0,9.0,8.0,17.0,39.0,1.0,2.0,1.0,39.0,29.0,53.0,15.0,,0.01,0.99,0.87,0.13,0.12,0.25,0.57,0.01,0.03,0.01,0.57,0.43,0.78,0.22
178,09X505,"Bronx School for Law, Government and Justice",132,0.8636363636363636,5.0,7.0,120.0,107.0,25.0,2.0,40.0,88.0,1.0,1.0,,74.0,58.0,118.0,14.0,0.04,0.05,0.91,0.81,0.19,0.02,0.3,0.67,0.01,0.01,,0.56,0.44,0.89,0.11
179,09X517,Frederick Douglass Academy III Secondary School,112,0.6160714285714286,16.0,6.0,90.0,89.0,23.0,,44.0,59.0,3.0,2.0,4.0,43.0,69.0,92.0,20.0,0.14,0.05,0.8,0.79,0.21,,0.39,0.53,0.03,0.02,0.04,0.38,0.62,0.82,0.18
180,09X525,Bronx Leadership Academy High School,140,0.6285714285714286,16.0,8.0,116.0,98.0,42.0,2.0,46.0,88.0,1.0,1.0,2.0,77.0,63.0,113.0,27.0,0.11,0.06,0.83,0.7,0.3,0.01,0.33,0.63,0.01,0.01,0.01,0.55,0.45,0.81,0.19
181,09X543,High School for Violin and Dance,98,0.6938775510204082,12.0,9.0,77.0,75.0,23.0,,30.0,68.0,,,,75.0,23.0,91.0,7.0,0.12,0.09,0.79,0.77,0.23,,0.31,0.69,,,,0.77,0.23,0.93,0.07
182,09X564,Claremont International HS,88,0.6590909090909091,48.0,27.0,13.0,82.0,6.0,4.0,23.0,59.0,,1.0,1.0,46.0,42.0,81.0,7.0,0.55,0.31,0.15,0.93,0.07,0.05,0.26,0.67,,0.01,0.01,0.52,0.48,0.92,0.08
183,10X141,Riverdale / Kingsbridge Academy (Middle School / High School 141),192,0.8854166666666666,5.0,10.0,177.0,148.0,44.0,15.0,20.0,113.0,,,44.0,100.0,92.0,104.0,88.0,0.03,0.05,0.92,0.77,0.23,0.08,0.1,0.59,,,0.23,0.52,0.48,0.54,0.46
184,10X213,Bronx Engineering and Technology Academy,94,0.7021276595744681,10.0,6.0,78.0,72.0,22.0,3.0,28.0,54.0,2.0,1.0,6.0,16.0,78.0,81.0,13.0,0.11,0.06,0.83,0.77,0.23,0.03,0.3,0.57,0.02,0.01,0.06,0.17,0.83,0.86,0.14
185,10X225,Theatre Arts Production Company School,88,0.75,2.0,3.0,83.0,66.0,22.0,1.0,27.0,57.0,1.0,2.0,,61.0,27.0,65.0,23.0,0.02,0.03,0.94,0.75,0.25,0.01,0.31,0.65,0.01,0.02,,0.69,0.31,0.74,0.26
186,10X237,"The Marie Curie School for Medicine, Nursing, and Health Professions",125,0.648,16.0,9.0,100.0,99.0,26.0,4.0,38.0,74.0,,2.0,7.0,100.0,25.0,99.0,26.0,0.13,0.07,0.8,0.79,0.21,0.03,0.3,0.59,,0.02,0.06,0.8,0.2,0.79,0.21
187,10X243,West Bronx Academy for the Future,77,0.8441558441558441,3.0,6.0,68.0,54.0,23.0,2.0,17.0,56.0,,1.0,1.0,31.0,46.0,73.0,4.0,0.04,0.08,0.88,0.7,0.3,0.03,0.22,0.73,,0.01,0.01,0.4,0.6,0.95,0.05
188,10X264,Bronx Academy for Software Engineering (BASE),106,0.660377358490566,3.0,6.0,97.0,72.0,34.0,7.0,26.0,72.0,,,1.0,14.0,92.0,73.0,33.0,0.03,0.06,0.92,0.68,0.32,0.07,0.25,0.68,,,0.01,0.13,0.87,0.69,0.31
189,10X268,Kingsbridge International High School,118,0.5169491525423728,78.0,29.0,11.0,114.0,4.0,7.0,4.0,104.0,,,3.0,68.0,50.0,115.0,3.0,0.66,0.25,0.09,0.97,0.03,0.06,0.03,0.88,,,0.03,0.58,0.42,0.97,0.03
190,10X284,Bronx School of Law and Finance,98,0.7857142857142857,17.0,4.0,77.0,76.0,22.0,2.0,25.0,68.0,,,3.0,42.0,56.0,85.0,13.0,0.17,0.04,0.79,0.78,0.22,0.02,0.26,0.69,,,0.03,0.43,0.57,0.87,0.13
191,10X319,Providing Urban Learners Success In Education High School,110,0.13636363636363635,7.0,5.0,98.0,93.0,17.0,,11.0,68.0,,31.0,,60.0,50.0,104.0,6.0,0.06,0.05,0.89,0.85,0.15,,0.1,0.62,,0.28,,0.55,0.45,0.95,0.05
192,10X342,International School for Liberal Arts,114,0.7280701754385965,54.0,47.0,13.0,111.0,3.0,,1.0,113.0,,,,56.0,58.0,114.0,,0.47,0.41,0.11,0.97,0.03,,0.01,0.99,,,,0.49,0.51,1.0,
193,10X351,Bronx Collaborative High School,126,0.6190476190476191,26.0,11.0,89.0,101.0,25.0,1.0,33.0,82.0,3.0,,7.0,58.0,68.0,111.0,15.0,0.21,0.09,0.71,0.8,0.2,0.01,0.26,0.65,0.02,,0.06,0.46,0.54,0.88,0.12
194,10X353,World View High School,92,0.8043478260869565,23.0,8.0,61.0,70.0,22.0,,25.0,66.0,,,1.0,50.0,42.0,77.0,15.0,0.25,0.09,0.66,0.76,0.24,,0.27,0.72,,,0.01,0.54,0.46,0.84,0.16
195,10X368,In-Tech Academy (M.S. / High School 368),103,0.7669902912621359,4.0,10.0,89.0,86.0,17.0,3.0,13.0,78.0,,,9.0,51.0,52.0,86.0,17.0,0.04,0.1,0.86,0.83,0.17,0.03,0.13,0.76,,,0.09,0.5,0.5,0.83,0.17
196,10X374,Knowledge and Power Preparatory Academy International High School (Kappa),114,0.9210526315789473,15.0,13.0,86.0,91.0,23.0,3.0,33.0,72.0,4.0,,2.0,57.0,57.0,104.0,10.0,0.13,0.11,0.75,0.8,0.2,0.03,0.29,0.63,0.04,,0.02,0.5,0.5,0.91,0.09
197,10X397,English Language Learners and International Support Preparatory Academy (ELLIS),115,0.2608695652173913,97.0,4.0,14.0,115.0,,3.0,11.0,97.0,,,4.0,49.0,66.0,88.0,27.0,0.84,0.03,0.12,1.0,,0.03,0.1,0.84,,,0.03,0.43,0.57,0.77,0.23
198,10X433,High School for Teaching and the Professions,111,0.7927927927927928,13.0,19.0,79.0,85.0,26.0,2.0,24.0,80.0,1.0,,4.0,63.0,48.0,95.0,16.0,0.12,0.17,0.71,0.77,0.23,0.02,0.22,0.72,0.01,,0.04,0.57,0.43,0.86,0.14
199,10X434,Belmont Preparatory High School,107,0.8785046728971962,2.0,6.0,99.0,92.0,15.0,1.0,28.0,76.0,,,2.0,53.0,54.0,86.0,21.0,0.02,0.06,0.93,0.86,0.14,0.01,0.26,0.71,,,0.02,0.5,0.5,0.8,0.2
200,10X437,Fordham High School for the Arts,87,0.9655172413793104,,3.0,84.0,76.0,11.0,,24.0,60.0,1.0,,2.0,64.0,23.0,78.0,9.0,,0.03,0.97,0.87,0.13,,0.28,0.69,0.01,,0.02,0.74,0.26,0.9,0.1
201,10X438,Fordham Leadership Academy,62,0.8548387096774194,7.0,7.0,48.0,52.0,10.0,1.0,20.0,39.0,,1.0,1.0,24.0,38.0,51.0,11.0,0.11,0.11,0.77,0.84,0.16,0.02,0.32,0.63,,0.02,0.02,0.39,0.61,0.82,0.18
202,10X439,Bronx High School for Law and Community Service,84,0.9166666666666666,7.0,9.0,68.0,64.0,20.0,2.0,18.0,61.0,2.0,,1.0,41.0,43.0,79.0,5.0,0.08,0.11,0.81,0.76,0.24,0.02,0.21,0.73,0.02,,0.01,0.49,0.51,0.94,0.06
203,10X440,DeWitt Clinton High School,266,0.6729323308270677,52.0,18.0,196.0,226.0,40.0,34.0,83.0,124.0,2.0,5.0,18.0,129.0,137.0,224.0,42.0,0.2,0.07,0.74,0.85,0.15,0.13,0.31,0.47,0.01,0.02,0.07,0.48,0.52,0.84,0.16
204,10X442,"Celia Cruz Bronx High School of Music, The",95,0.9473684210526315,,5.0,90.0,84.0,11.0,2.0,18.0,70.0,3.0,1.0,1.0,60.0,35.0,83.0,12.0,,0.05,0.95,0.88,0.12,0.02,0.19,0.74,0.03,0.01,0.01,0.63,0.37,0.87,0.13
205,10X445,The Bronx High School of Science,719,0.9958275382475661,,2.0,717.0,714.0,5.0,475.0,14.0,32.0,12.0,,186.0,309.0,410.0,332.0,387.0,,0.0,1.0,0.99,0.01,0.66,0.02,0.04,0.02,,0.26,0.43,0.57,0.46,0.54
206,10X477,Marble Hill High School for International Studies,98,0.9081632653061225,10.0,46.0,42.0,87.0,11.0,11.0,19.0,64.0,1.0,1.0,2.0,49.0,49.0,91.0,7.0,0.1,0.47,0.43,0.89,0.11,0.11,0.19,0.65,0.01,0.01,0.02,0.5,0.5,0.93,0.07
207,10X524,Crotona International High School,91,0.6593406593406593,74.0,11.0,6.0,87.0,4.0,1.0,8.0,79.0,,2.0,1.0,41.0,50.0,70.0,21.0,0.81,0.12,0.07,0.96,0.04,0.01,0.09,0.87,,0.02,0.01,0.45,0.55,0.77,0.23
208,10X546,Bronx Theatre High School,67,0.8059701492537313,4.0,3.0,60.0,47.0,20.0,1.0,18.0,45.0,1.0,1.0,1.0,48.0,19.0,52.0,15.0,0.06,0.04,0.9,0.7,0.3,0.01,0.27,0.67,0.01,0.01,0.01,0.72,0.28,0.78,0.22
209,10X549,Discovery High School,102,0.8529411764705882,7.0,11.0,84.0,71.0,31.0,4.0,20.0,74.0,,,4.0,47.0,55.0,87.0,15.0,0.07,0.11,0.82,0.7,0.3,0.04,0.2,0.73,,,0.04,0.46,0.54,0.85,0.15
210,10X565,High School for Energy and Technology,100,0.76,2.0,6.0,92.0,75.0,25.0,1.0,27.0,67.0,4.0,1.0,,16.0,84.0,77.0,23.0,0.02,0.06,0.92,0.75,0.25,0.01,0.27,0.67,0.04,0.01,,0.16,0.84,0.77,0.23
211,10X696,High School of American Studies at Lehman College,91,1.0,,,91.0,90.0,1.0,21.0,3.0,15.0,3.0,1.0,48.0,48.0,43.0,19.0,72.0,,,1.0,0.99,0.01,0.23,0.03,0.16,0.03,0.01,0.53,0.53,0.47,0.21,0.79
212,11X249,Bronx Health Sciences High School,70,0.9428571428571428,1.0,2.0,67.0,68.0,2.0,10.0,39.0,16.0,1.0,1.0,3.0,41.0,29.0,42.0,28.0,0.01,0.03,0.96,0.97,0.03,0.14,0.56,0.23,0.01,0.01,0.04,0.59,0.41,0.6,0.4
213,11X253,Bronx High School for Writing and Communication Arts,87,0.6436781609195402,7.0,3.0,77.0,74.0,13.0,4.0,39.0,38.0,2.0,2.0,2.0,44.0,43.0,65.0,22.0,0.08,0.03,0.89,0.85,0.15,0.05,0.45,0.44,0.02,0.02,0.02,0.51,0.49,0.75,0.25
214,11X265,Bronx Lab School,99,0.6161616161616161,8.0,5.0,86.0,80.0,19.0,1.0,47.0,48.0,1.0,1.0,1.0,46.0,53.0,76.0,23.0,0.08,0.05,0.87,0.81,0.19,0.01,0.47,0.48,0.01,0.01,0.01,0.46,0.54,0.77,0.23
215,11X270,Academy for Scholarship and Entrepreneurship: A College Board School,100,0.77,3.0,2.0,95.0,82.0,18.0,4.0,63.0,30.0,1.0,1.0,1.0,61.0,39.0,77.0,23.0,0.03,0.02,0.95,0.82,0.18,0.04,0.63,0.3,0.01,0.01,0.01,0.61,0.39,0.77,0.23
216,11X275,High School of Computers and Technology,138,0.7246376811594203,5.0,12.0,121.0,104.0,34.0,6.0,56.0,74.0,,,2.0,18.0,120.0,100.0,38.0,0.04,0.09,0.88,0.75,0.25,0.04,0.41,0.54,,,0.01,0.13,0.87,0.72,0.28
217,11X288,Collegiate Institute for Math and Science,171,0.8713450292397661,7.0,9.0,155.0,148.0,23.0,27.0,57.0,63.0,6.0,1.0,17.0,76.0,95.0,114.0,57.0,0.04,0.05,0.91,0.87,0.13,0.16,0.33,0.37,0.04,0.01,0.1,0.44,0.56,0.67,0.33
218,11X290,Bronx Academy of Health Careers,95,0.7473684210526316,6.0,10.0,79.0,67.0,28.0,5.0,31.0,51.0,2.0,,6.0,62.0,33.0,71.0,24.0,0.06,0.11,0.83,0.71,0.29,0.05,0.33,0.54,0.02,,0.06,0.65,0.35,0.75,0.25
219,11X299,Astor Collegiate Academy,104,0.7307692307692307,5.0,6.0,93.0,80.0,24.0,5.0,39.0,48.0,3.0,1.0,8.0,48.0,56.0,75.0,29.0,0.05,0.06,0.89,0.77,0.23,0.05,0.38,0.46,0.03,0.01,0.08,0.46,0.54,0.72,0.28
220,11X418,Bronx High School for the Visual Arts,101,0.7227722772277227,4.0,5.0,92.0,65.0,36.0,4.0,19.0,67.0,1.0,,10.0,52.0,49.0,85.0,16.0,0.04,0.05,0.91,0.64,0.36,0.04,0.19,0.66,0.01,,0.1,0.51,0.49,0.84,0.16
221,11X455,Harry S Truman High School,525,0.7828571428571428,17.0,23.0,485.0,409.0,116.0,16.0,276.0,208.0,,4.0,21.0,218.0,307.0,346.0,179.0,0.03,0.04,0.92,0.78,0.22,0.03,0.53,0.4,,0.01,0.04,0.42,0.58,0.66,0.34
222,11X508,Bronxdale High School,100,0.82,4.0,6.0,90.0,78.0,22.0,3.0,31.0,58.0,,1.0,7.0,49.0,51.0,83.0,17.0,0.04,0.06,0.9,0.78,0.22,0.03,0.31,0.58,,0.01,0.07,0.49,0.51,0.83,0.17
223,11X509,High School of Language and Innovation,81,0.7407407407407407,50.0,17.0,14.0,79.0,2.0,5.0,12.0,52.0,,3.0,9.0,39.0,42.0,74.0,7.0,0.62,0.21,0.17,0.98,0.02,0.06,0.15,0.64,,0.04,0.11,0.48,0.52,0.91,0.09
224,11X513,New World High School,70,0.9,11.0,31.0,28.0,69.0,1.0,9.0,14.0,35.0,,3.0,9.0,37.0,33.0,69.0,1.0,0.16,0.44,0.4,0.99,0.01,0.13,0.2,0.5,,0.04,0.13,0.53,0.47,0.99,0.01
225,11X514,The Bronxwood Preparatory Academy,100,0.65,8.0,1.0,91.0,86.0,14.0,3.0,64.0,30.0,,1.0,2.0,50.0,50.0,69.0,31.0,0.08,0.01,0.91,0.86,0.14,0.03,0.64,0.3,,0.01,0.02,0.5,0.5,0.69,0.31
226,11X542,Pelham Preparatory Academy,134,0.9104477611940298,2.0,4.0,128.0,118.0,16.0,12.0,46.0,61.0,5.0,5.0,5.0,88.0,46.0,100.0,34.0,0.01,0.03,0.96,0.88,0.12,0.09,0.34,0.46,0.04,0.04,0.04,0.66,0.34,0.75,0.25
227,11X544,High School for Contemporary Arts,120,0.7416666666666667,12.0,8.0,100.0,90.0,30.0,1.0,49.0,65.0,1.0,1.0,3.0,57.0,63.0,93.0,27.0,0.1,0.07,0.83,0.75,0.25,0.01,0.41,0.54,0.01,0.01,0.02,0.48,0.52,0.78,0.22
228,11X545,Bronx Aerospace High School,88,0.6363636363636364,7.0,3.0,78.0,67.0,21.0,4.0,30.0,49.0,2.0,,3.0,18.0,70.0,62.0,26.0,0.08,0.03,0.89,0.76,0.24,0.05,0.34,0.56,0.02,,0.03,0.2,0.8,0.7,0.3
229,12X242,Mott Hall V,99,0.8888888888888888,4.0,2.0,93.0,81.0,18.0,1.0,15.0,81.0,1.0,1.0,,44.0,55.0,78.0,21.0,0.04,0.02,0.94,0.82,0.18,0.01,0.15,0.82,0.01,0.01,,0.44,0.56,0.79,0.21
230,12X248,"Metropolitan High School, The",101,0.44554455445544555,21.0,4.0,76.0,69.0,32.0,3.0,27.0,70.0,1.0,,,39.0,62.0,91.0,10.0,0.21,0.04,0.75,0.68,0.32,0.03,0.27,0.69,0.01,,,0.39,0.61,0.9,0.1
231,12X251,Explorations Academy H.S.,106,0.7264150943396226,16.0,18.0,72.0,73.0,33.0,1.0,28.0,76.0,,,1.0,43.0,63.0,100.0,6.0,0.15,0.17,0.68,0.69,0.31,0.01,0.26,0.72,,,0.01,0.41,0.59,0.94,0.06
232,12X267,Bronx Latin,81,0.9382716049382716,5.0,11.0,65.0,64.0,17.0,1.0,19.0,61.0,,,,39.0,42.0,76.0,5.0,0.06,0.14,0.8,0.79,0.21,0.01,0.23,0.75,,,,0.48,0.52,0.94,0.06
233,12X271,East Bronx Academy for the Future,96,0.75,9.0,1.0,86.0,59.0,37.0,1.0,31.0,63.0,,,1.0,52.0,44.0,84.0,12.0,0.09,0.01,0.9,0.61,0.39,0.01,0.32,0.66,,,0.01,0.54,0.46,0.88,0.12
234,12X372,URBAN ASSEMBLY SCHOOL FOR WILDLIFE CONSERVATION,73,0.7671232876712328,7.0,2.0,64.0,60.0,13.0,3.0,23.0,46.0,,,1.0,31.0,42.0,55.0,18.0,0.1,0.03,0.88,0.82,0.18,0.04,0.32,0.63,,,0.01,0.42,0.58,0.75,0.25
235,12X388,Pan American International High School at Monroe,99,0.7676767676767676,61.0,25.0,13.0,98.0,1.0,,,99.0,,,,45.0,54.0,94.0,5.0,0.62,0.25,0.13,0.99,0.01,,,1.0,,,,0.45,0.55,0.95,0.05
236,12X446,Arturo A. Schomburg Satellite Academy Bronx,95,0.1368421052631579,15.0,3.0,77.0,81.0,14.0,1.0,32.0,60.0,,,2.0,55.0,40.0,82.0,13.0,0.16,0.03,0.81,0.85,0.15,0.01,0.34,0.63,,,0.02,0.58,0.42,0.86,0.14
237,12X478,The Cinema School,68,0.8823529411764706,2.0,8.0,58.0,60.0,8.0,1.0,14.0,49.0,1.0,1.0,2.0,37.0,31.0,59.0,9.0,0.03,0.12,0.85,0.88,0.12,0.01,0.21,0.72,0.01,0.01,0.03,0.54,0.46,0.87,0.13
238,12X479,Bronx Career and College Preparatory High School,90,0.5777777777777777,13.0,8.0,69.0,65.0,25.0,,41.0,45.0,,,4.0,44.0,46.0,76.0,14.0,0.14,0.09,0.77,0.72,0.28,,0.46,0.5,,,0.04,0.49,0.51,0.84,0.16
239,12X480,Bronx Regional High School,93,0.0967741935483871,8.0,8.0,77.0,82.0,11.0,1.0,27.0,62.0,,,3.0,51.0,42.0,82.0,11.0,0.09,0.09,0.83,0.88,0.12,0.01,0.29,0.67,,,0.03,0.55,0.45,0.88,0.12
240,12X511,Bronx Envision Academy,90,0.6888888888888889,10.0,8.0,72.0,74.0,16.0,4.0,26.0,57.0,,1.0,2.0,57.0,33.0,83.0,7.0,0.11,0.09,0.8,0.82,0.18,0.04,0.29,0.63,,0.01,0.02,0.63,0.37,0.92,0.08
241,12X521,The Metropolitan Soundview High School,119,0.680672268907563,10.0,13.0,96.0,92.0,27.0,4.0,22.0,88.0,,3.0,2.0,55.0,64.0,115.0,4.0,0.08,0.11,0.81,0.77,0.23,0.03,0.18,0.74,,0.03,0.02,0.46,0.54,0.97,0.03
242,12X550,High School of World Cultures,101,0.44554455445544555,67.0,26.0,8.0,101.0,,9.0,3.0,86.0,,,3.0,44.0,57.0,96.0,5.0,0.66,0.26,0.08,1.0,,0.09,0.03,0.85,,,0.03,0.44,0.56,0.95,0.05
243,12X682,Fannie Lou Hamer Freedom High School,119,0.6890756302521008,16.0,,103.0,85.0,34.0,,27.0,91.0,,1.0,,48.0,71.0,94.0,25.0,0.13,,0.87,0.71,0.29,,0.23,0.76,,0.01,,0.4,0.6,0.79,0.21
244,12X684,Wings Academy,91,0.5054945054945055,3.0,4.0,84.0,66.0,25.0,2.0,42.0,44.0,1.0,,2.0,33.0,58.0,75.0,16.0,0.03,0.04,0.92,0.73,0.27,0.02,0.46,0.48,0.01,,0.02,0.36,0.64,0.82,0.18
245,12X692,MONROE ACADEMY FOR VISUAL ARTS & DESIGN,15,0.06666666666666667,4.0,,11.0,8.0,7.0,,2.0,12.0,,1.0,,6.0,9.0,14.0,1.0,0.27,,0.73,0.53,0.47,,0.13,0.8,,0.07,,0.4,0.6,0.93,0.07
246,13K265,Dr. Susan S. McKinney Secondary School of the Arts,48,0.7083333333333334,2.0,1.0,45.0,37.0,11.0,1.0,33.0,12.0,1.0,1.0,,27.0,21.0,42.0,6.0,0.04,0.02,0.94,0.77,0.23,0.02,0.69,0.25,0.02,0.02,,0.56,0.44,0.88,0.12
247,13K350,Urban Assembly School for Music and Art,50,0.78,1.0,,49.0,39.0,11.0,,35.0,12.0,1.0,,2.0,36.0,14.0,42.0,8.0,0.02,,0.98,0.78,0.22,,0.7,0.24,0.02,,0.04,0.72,0.28,0.84,0.16
248,13K412,Brooklyn Community Arts & Media High School (BCAM),88,0.7613636363636364,4.0,3.0,81.0,68.0,20.0,1.0,71.0,16.0,,,,41.0,47.0,72.0,16.0,0.05,0.03,0.92,0.77,0.23,0.01,0.81,0.18,,,,0.47,0.53,0.82,0.18
249,13K419,"Science Skills Center High School for Science, Technology and the Creative Arts",139,0.9064748201438849,2.0,4.0,133.0,123.0,16.0,13.0,97.0,25.0,3.0,,1.0,66.0,73.0,104.0,35.0,0.01,0.03,0.96,0.88,0.12,0.09,0.7,0.18,0.02,,0.01,0.47,0.53,0.75,0.25
250,13K430,Brooklyn Technical High School,1322,0.981089258698941,,14.0,1308.0,1298.0,24.0,830.0,101.0,86.0,38.0,2.0,265.0,522.0,800.0,845.0,477.0,,0.01,0.99,0.98,0.02,0.63,0.08,0.07,0.03,0.0,0.2,0.39,0.61,0.64,0.36
251,13K439,Brooklyn International High School,77,0.7792207792207793,34.0,36.0,7.0,75.0,2.0,22.0,15.0,29.0,,,11.0,37.0,40.0,64.0,13.0,0.44,0.47,0.09,0.97,0.03,0.29,0.19,0.38,,,0.14,0.48,0.52,0.83,0.17
252,13K483,The Urban Assembly School for Law and Justice,111,0.9279279279279279,1.0,,110.0,95.0,16.0,4.0,71.0,33.0,2.0,1.0,,55.0,56.0,86.0,25.0,0.01,,0.99,0.86,0.14,0.04,0.64,0.3,0.02,0.01,,0.5,0.5,0.77,0.23
253,13K499,ACORN Community High School,69,0.7246376811594203,4.0,1.0,64.0,47.0,22.0,,54.0,12.0,1.0,1.0,1.0,28.0,41.0,62.0,7.0,0.06,0.01,0.93,0.68,0.32,,0.78,0.17,0.01,0.01,0.01,0.41,0.59,0.9,0.1
254,13K527,Urban Assembly Institute of Math and Science for Young Women,68,0.8676470588235294,3.0,2.0,63.0,55.0,13.0,2.0,48.0,9.0,,,9.0,68.0,,57.0,11.0,0.04,0.03,0.93,0.81,0.19,0.03,0.71,0.13,,,0.13,1.0,,0.84,0.16
255,13K553,Brooklyn Academy High School,67,0.1791044776119403,,1.0,66.0,45.0,22.0,1.0,47.0,16.0,1.0,2.0,,31.0,36.0,56.0,11.0,,0.01,0.99,0.67,0.33,0.01,0.7,0.24,0.01,0.03,,0.46,0.54,0.84,0.16
256,13K575,BEDFORD STUYVESANT PREPARATORY HIGH SCHOOL,22,0.45454545454545453,,,22.0,19.0,3.0,1.0,16.0,5.0,,,,9.0,13.0,20.0,2.0,,,1.0,0.86,0.14,0.05,0.73,0.23,,,,0.41,0.59,0.91,0.09
257,13K594,Gotham Professional Arts Academy,21,0.9047619047619048,,,21.0,18.0,3.0,,20.0,1.0,,,,15.0,6.0,19.0,2.0,,,1.0,0.86,0.14,,0.95,0.05,,,,0.71,0.29,0.9,0.1
258,13K595,Bedford Academy High School,94,0.9787234042553191,,,94.0,88.0,6.0,1.0,76.0,10.0,4.0,,3.0,51.0,43.0,67.0,27.0,,,1.0,0.94,0.06,0.01,0.81,0.11,0.04,,0.03,0.54,0.46,0.71,0.29
259,13K605,George Westinghouse Career and Technical Education High School,131,0.7480916030534351,2.0,3.0,126.0,109.0,22.0,3.0,96.0,26.0,,1.0,5.0,34.0,97.0,107.0,24.0,0.02,0.02,0.96,0.83,0.17,0.02,0.73,0.2,,0.01,0.04,0.26,0.74,0.82,0.18
260,13K616,Brooklyn High School for Leadership and Community Service,93,0.08602150537634409,3.0,2.0,88.0,73.0,20.0,1.0,65.0,25.0,,,2.0,55.0,38.0,81.0,12.0,0.03,0.02,0.95,0.78,0.22,0.01,0.7,0.27,,,0.02,0.59,0.41,0.87,0.13
261,13K670,Benjamin Banneker Academy,181,0.9502762430939227,,,181.0,170.0,11.0,6.0,156.0,15.0,,3.0,1.0,112.0,69.0,123.0,58.0,,,1.0,0.94,0.06,0.03,0.86,0.08,,0.02,0.01,0.62,0.38,0.68,0.32
262,13K674,"City Polytechnic High School of Engineering, Architecture, and Technology",110,0.7636363636363637,,3.0,107.0,90.0,20.0,5.0,82.0,17.0,,4.0,2.0,33.0,77.0,81.0,29.0,,0.03,0.97,0.82,0.18,0.05,0.75,0.15,,0.04,0.02,0.3,0.7,0.74,0.26
263,14K071,Juan Morel Campos Secondary School,77,0.6883116883116883,19.0,9.0,49.0,55.0,22.0,,7.0,70.0,,,,38.0,39.0,60.0,17.0,0.25,0.12,0.64,0.71,0.29,,0.09,0.91,,,,0.49,0.51,0.78,0.22
265,14K449,"Brooklyn Latin School, The",194,0.9639175257731959,,2.0,192.0,192.0,2.0,89.0,20.0,21.0,39.0,,25.0,91.0,103.0,123.0,71.0,,0.01,0.99,0.99,0.01,0.46,0.1,0.11,0.2,,0.13,0.47,0.53,0.63,0.37
266,14K454,The Williamsburg High School of Art and Technology,41,0.8292682926829268,4.0,1.0,36.0,30.0,11.0,,17.0,22.0,1.0,,1.0,16.0,25.0,32.0,9.0,0.1,0.02,0.88,0.73,0.27,,0.41,0.54,0.02,,0.02,0.39,0.61,0.78,0.22
267,14K474,PROGRESS High School for Professional Careers,215,0.7674418604651163,29.0,15.0,171.0,178.0,37.0,,72.0,135.0,,2.0,6.0,100.0,115.0,185.0,30.0,0.13,0.07,0.8,0.83,0.17,,0.33,0.63,,0.01,0.03,0.47,0.53,0.86,0.14
268,14K477,East Williamsburg Scholars Academy,110,0.6636363636363637,30.0,6.0,74.0,86.0,24.0,2.0,39.0,64.0,4.0,,1.0,49.0,61.0,98.0,12.0,0.27,0.05,0.67,0.78,0.22,0.02,0.35,0.58,0.04,,0.01,0.45,0.55,0.89,0.11
269,14K478,"The High School for Enterprise, Business and Technology",215,0.8186046511627907,16.0,15.0,184.0,168.0,47.0,5.0,69.0,132.0,,3.0,6.0,71.0,144.0,168.0,47.0,0.07,0.07,0.86,0.78,0.22,0.02,0.32,0.61,,0.01,0.03,0.33,0.67,0.78,0.22
270,14K488,Brooklyn Preparatory High School,119,0.9243697478991597,1.0,4.0,114.0,99.0,20.0,2.0,63.0,50.0,,2.0,2.0,63.0,56.0,97.0,22.0,0.01,0.03,0.96,0.83,0.17,0.02,0.53,0.42,,0.02,0.02,0.53,0.47,0.82,0.18
271,14K558,Williamsburg High School for Architecture and Design,131,0.9770992366412213,1.0,7.0,123.0,98.0,33.0,4.0,35.0,84.0,2.0,,6.0,30.0,101.0,114.0,17.0,0.01,0.05,0.94,0.75,0.25,0.03,0.27,0.64,0.02,,0.05,0.23,0.77,0.87,0.13
272,14K561,Williamsburg Preparatory School,157,0.9554140127388535,2.0,4.0,151.0,138.0,19.0,7.0,27.0,103.0,,3.0,17.0,68.0,89.0,119.0,38.0,0.01,0.03,0.96,0.88,0.12,0.04,0.17,0.66,,0.02,0.11,0.43,0.57,0.76,0.24
273,14K586,Lyons Community School,93,0.6989247311827957,17.0,5.0,71.0,73.0,20.0,3.0,28.0,58.0,1.0,,3.0,32.0,61.0,80.0,13.0,0.18,0.05,0.76,0.78,0.22,0.03,0.3,0.62,0.01,,0.03,0.34,0.66,0.86,0.14
274,14K610,Automotive High School,116,0.7672413793103449,10.0,3.0,103.0,83.0,33.0,2.0,67.0,42.0,4.0,,1.0,13.0,103.0,92.0,24.0,0.09,0.03,0.89,0.72,0.28,0.02,0.58,0.36,0.03,,0.01,0.11,0.89,0.79,0.21
275,14K614,Young Women's Leadership School of Brooklyn,68,0.9705882352941176,1.0,1.0,66.0,53.0,15.0,2.0,46.0,16.0,2.0,1.0,1.0,68.0,,48.0,20.0,0.01,0.01,0.97,0.78,0.22,0.03,0.68,0.24,0.03,0.01,0.01,1.0,,0.71,0.29
276,14K685,El Puente Academy for Peace and Justice,53,0.7924528301886793,6.0,3.0,44.0,39.0,14.0,,6.0,43.0,3.0,,1.0,34.0,19.0,45.0,8.0,0.11,0.06,0.83,0.74,0.26,,0.11,0.81,0.06,,0.02,0.64,0.36,0.85,0.15
277,15K423,Brooklyn Frontiers High School,76,0.18421052631578946,2.0,1.0,73.0,46.0,30.0,1.0,56.0,15.0,,1.0,3.0,37.0,39.0,68.0,8.0,0.03,0.01,0.96,0.61,0.39,0.01,0.74,0.2,,0.01,0.04,0.49,0.51,0.89,0.11
278,15K429,Digital Arts and Cinema Technology High School,26,0.9615384615384616,1.0,,25.0,20.0,6.0,,18.0,6.0,,,2.0,11.0,15.0,21.0,5.0,0.04,,0.96,0.77,0.23,,0.69,0.23,,,0.08,0.42,0.58,0.81,0.19
279,15K448,Brooklyn Collaborative Studies,91,0.7692307692307693,3.0,2.0,86.0,65.0,26.0,3.0,38.0,37.0,1.0,2.0,10.0,44.0,47.0,66.0,25.0,0.03,0.02,0.95,0.71,0.29,0.03,0.42,0.41,0.01,0.02,0.11,0.48,0.52,0.73,0.27
280,15K462,John Jay School for Law,79,0.7974683544303798,2.0,3.0,74.0,68.0,11.0,1.0,50.0,23.0,4.0,,1.0,52.0,27.0,63.0,16.0,0.03,0.04,0.94,0.86,0.14,0.01,0.63,0.29,0.05,,0.01,0.66,0.34,0.8,0.2
281,15K463,Secondary School for Journalism,60,0.6333333333333333,7.0,6.0,47.0,50.0,10.0,3.0,28.0,18.0,2.0,,9.0,41.0,19.0,55.0,5.0,0.12,0.1,0.78,0.83,0.17,0.05,0.47,0.3,0.03,,0.15,0.68,0.32,0.92,0.08
282,15K464,Park Slope Collegiate,78,0.8205128205128205,2.0,6.0,70.0,66.0,12.0,6.0,30.0,33.0,3.0,1.0,5.0,36.0,42.0,63.0,15.0,0.03,0.08,0.9,0.85,0.15,0.08,0.38,0.42,0.04,0.01,0.06,0.46,0.54,0.81,0.19
283,15K497,The Boerum Hill School for International Studies,64,0.640625,4.0,3.0,57.0,53.0,11.0,2.0,33.0,22.0,,1.0,6.0,32.0,32.0,54.0,10.0,0.06,0.05,0.89,0.83,0.17,0.03,0.52,0.34,,0.02,0.09,0.5,0.5,0.84,0.16
284,15K519,Cobble Hill School of American Studies,137,0.8978102189781022,7.0,7.0,123.0,112.0,25.0,2.0,85.0,41.0,3.0,2.0,4.0,73.0,64.0,127.0,10.0,0.05,0.05,0.9,0.82,0.18,0.01,0.62,0.3,0.02,0.01,0.03,0.53,0.47,0.93,0.07
285,15K529,West Brooklyn Community High School,96,0.041666666666666664,6.0,3.0,87.0,61.0,35.0,6.0,15.0,63.0,,,12.0,37.0,59.0,72.0,24.0,0.06,0.03,0.91,0.64,0.36,0.06,0.16,0.66,,,0.12,0.39,0.61,0.75,0.25
286,15K592,Khalil Gibran International Academy,72,0.7777777777777778,14.0,8.0,50.0,59.0,13.0,18.0,28.0,5.0,2.0,1.0,18.0,36.0,36.0,62.0,10.0,0.19,0.11,0.69,0.82,0.18,0.25,0.39,0.07,0.03,0.01,0.25,0.5,0.5,0.86,0.14
287,15K656,Brooklyn High School of the Arts,185,0.8810810810810811,1.0,6.0,178.0,158.0,27.0,3.0,133.0,38.0,7.0,,4.0,138.0,47.0,137.0,48.0,0.01,0.03,0.96,0.85,0.15,0.02,0.72,0.21,0.04,,0.02,0.75,0.25,0.74,0.26
288,15K667,Sunset Park High School,304,0.8651315789473685,26.0,45.0,233.0,242.0,62.0,31.0,21.0,230.0,,1.0,21.0,136.0,168.0,258.0,46.0,0.09,0.15,0.77,0.8,0.2,0.1,0.07,0.76,,0.0,0.07,0.45,0.55,0.85,0.15
289,15K684,Millennium Brooklyn HS,164,1.0,,2.0,162.0,142.0,22.0,13.0,48.0,36.0,10.0,1.0,56.0,98.0,66.0,70.0,94.0,,0.01,0.99,0.87,0.13,0.08,0.29,0.22,0.06,0.01,0.34,0.6,0.4,0.43,0.57
290,15K698,South Brooklyn Community High School,65,0.09230769230769231,2.0,1.0,62.0,35.0,30.0,3.0,23.0,30.0,,4.0,5.0,28.0,37.0,60.0,5.0,0.03,0.02,0.95,0.54,0.46,0.05,0.35,0.46,,0.06,0.08,0.43,0.57,0.92,0.08
292,16K455,Boys and Girls High School,85,0.7176470588235294,2.0,3.0,80.0,59.0,26.0,2.0,73.0,9.0,,,1.0,31.0,54.0,66.0,19.0,0.02,0.04,0.94,0.69,0.31,0.02,0.86,0.11,,,0.01,0.36,0.64,0.78,0.22
293,16K498,Brooklyn High School for Law and Technology,140,0.8357142857142857,1.0,2.0,137.0,113.0,27.0,5.0,89.0,40.0,1.0,1.0,4.0,53.0,87.0,118.0,22.0,0.01,0.01,0.98,0.81,0.19,0.04,0.64,0.29,0.01,0.01,0.03,0.38,0.62,0.84,0.16
294,16K669,Research and Service High School,114,0.30701754385964913,5.0,2.0,107.0,73.0,41.0,1.0,80.0,28.0,,2.0,3.0,54.0,60.0,107.0,7.0,0.04,0.02,0.94,0.64,0.36,0.01,0.7,0.25,,0.02,0.03,0.47,0.53,0.94,0.06
295,16K688,The Brooklyn Academy of Global Finance,43,0.813953488372093,1.0,1.0,41.0,29.0,14.0,2.0,31.0,9.0,,,1.0,15.0,28.0,42.0,1.0,0.02,0.02,0.95,0.67,0.33,0.05,0.72,0.21,,,0.02,0.35,0.65,0.98,0.02
296,16K765,Nelson Mandela High School,72,0.8194444444444444,1.0,,71.0,57.0,15.0,,60.0,9.0,,1.0,2.0,29.0,43.0,57.0,15.0,0.01,,0.99,0.79,0.21,,0.83,0.12,,0.01,0.03,0.4,0.6,0.79,0.21
297,17K122,Pathways in Technology Early College High School (P-Tech),109,0.7522935779816514,,1.0,108.0,91.0,18.0,,100.0,9.0,,,,43.0,66.0,76.0,33.0,,0.01,0.99,0.83,0.17,,0.92,0.08,,,,0.39,0.61,0.7,0.3
298,17K382,Academy for College Preparation and Career Exploration: A College Board School,64,0.703125,8.0,7.0,49.0,54.0,10.0,2.0,46.0,11.0,,4.0,1.0,31.0,33.0,55.0,9.0,0.12,0.11,0.77,0.84,0.16,0.03,0.72,0.17,,0.06,0.02,0.48,0.52,0.86,0.14
299,17K408,Academy of Hospitality and Tourism,50,0.88,4.0,4.0,42.0,34.0,16.0,1.0,47.0,,,1.0,1.0,31.0,19.0,44.0,6.0,0.08,0.08,0.84,0.68,0.32,0.02,0.94,,,0.02,0.02,0.62,0.38,0.88,0.12
300,17K489,WEB DUBOIS ACADEMIC HIGH SCHOOL,35,0.2857142857142857,1.0,,34.0,31.0,4.0,,27.0,6.0,,,2.0,20.0,15.0,31.0,4.0,0.03,,0.97,0.89,0.11,,0.77,0.17,,,0.06,0.57,0.43,0.89,0.11
301,17K524,International High School at Prospect Heights,104,0.7115384615384616,59.0,40.0,5.0,96.0,8.0,16.0,26.0,45.0,,1.0,16.0,52.0,52.0,85.0,19.0,0.57,0.38,0.05,0.92,0.08,0.15,0.25,0.43,,0.01,0.15,0.5,0.5,0.82,0.18
302,17K528,The High School for Global Citizenship,50,0.78,4.0,2.0,44.0,45.0,5.0,2.0,39.0,9.0,,,,27.0,23.0,44.0,6.0,0.08,0.04,0.88,0.9,0.1,0.04,0.78,0.18,,,,0.54,0.46,0.88,0.12
303,17K531,"School for Human Rights, The",118,0.8305084745762712,3.0,2.0,113.0,97.0,21.0,1.0,110.0,6.0,,,1.0,65.0,53.0,102.0,16.0,0.03,0.02,0.96,0.82,0.18,0.01,0.93,0.05,,,0.01,0.55,0.45,0.86,0.14
304,17K533,SCHOOL FOR DEMOCRACY AND LEADERSHIP,5,0.2,1.0,,4.0,4.0,1.0,,3.0,1.0,,,1.0,2.0,3.0,4.0,1.0,0.2,,0.8,0.8,0.2,,0.6,0.2,,,0.2,0.4,0.6,0.8,0.2
305,17K537,High School for Youth and Community Development at Erasmus,125,0.824,8.0,6.0,111.0,95.0,30.0,1.0,101.0,18.0,2.0,,3.0,47.0,78.0,102.0,23.0,0.06,0.05,0.89,0.76,0.24,0.01,0.81,0.14,0.02,,0.02,0.38,0.62,0.82,0.18
306,17K539,High School for Service & Learning at Erasmus,121,0.7851239669421488,12.0,3.0,106.0,93.0,28.0,3.0,91.0,20.0,2.0,1.0,4.0,43.0,78.0,93.0,28.0,0.1,0.02,0.88,0.77,0.23,0.02,0.75,0.17,0.02,0.01,0.03,0.36,0.64,0.77,0.23
307,17K543,"Science, Technology and Research Early College High School at Erasmus",74,0.918918918918919,,,74.0,68.0,6.0,6.0,61.0,5.0,,1.0,1.0,34.0,40.0,65.0,9.0,,,1.0,0.92,0.08,0.08,0.82,0.07,,0.01,0.01,0.46,0.54,0.88,0.12
308,17K546,High School for Public Service: Heroes of Tomorrow,116,0.9310344827586207,,2.0,114.0,104.0,12.0,7.0,84.0,23.0,1.0,,1.0,70.0,46.0,93.0,23.0,,0.02,0.98,0.9,0.1,0.06,0.72,0.2,0.01,,0.01,0.6,0.4,0.8,0.2
309,17K547,Brooklyn Academy of Science and the Environment,87,0.6666666666666666,4.0,9.0,74.0,72.0,15.0,4.0,75.0,6.0,,1.0,1.0,36.0,51.0,73.0,14.0,0.05,0.1,0.85,0.83,0.17,0.05,0.86,0.07,,0.01,0.01,0.41,0.59,0.84,0.16
310,17K548,Brooklyn School for Music & Theatre,77,0.7922077922077922,,,77.0,67.0,10.0,1.0,59.0,16.0,,,1.0,61.0,16.0,63.0,14.0,,,1.0,0.87,0.13,0.01,0.77,0.21,,,0.01,0.79,0.21,0.82,0.18
311,17K568,Brownsville Academy High School,51,0.23529411764705882,,1.0,50.0,41.0,10.0,,42.0,5.0,1.0,2.0,1.0,31.0,20.0,44.0,7.0,,0.02,0.98,0.8,0.2,,0.82,0.1,0.02,0.04,0.02,0.61,0.39,0.86,0.14
312,17K590,Medgar Evers College Preparatory School,207,0.9758454106280193,,,207.0,196.0,11.0,5.0,185.0,9.0,7.0,1.0,,128.0,79.0,169.0,38.0,,,1.0,0.95,0.05,0.02,0.89,0.04,0.03,0.0,,0.62,0.38,0.82,0.18
313,17K600,Clara Barton High School,286,0.7447552447552448,23.0,26.0,237.0,244.0,42.0,3.0,253.0,18.0,8.0,3.0,1.0,191.0,95.0,227.0,59.0,0.08,0.09,0.83,0.85,0.15,0.01,0.88,0.06,0.03,0.01,0.0,0.67,0.33,0.79,0.21
314,17K646,Aspirations Diploma Plus High School,32,0.4375,,,32.0,23.0,9.0,,24.0,8.0,,,,20.0,12.0,30.0,2.0,,,1.0,0.72,0.28,,0.75,0.25,,,,0.62,0.38,0.94,0.06
315,17K745,Brooklyn Institute for Liberal Arts,77,0.974025974025974,2.0,1.0,74.0,66.0,11.0,1.0,74.0,2.0,,,,33.0,44.0,72.0,5.0,0.03,0.01,0.96,0.86,0.14,0.01,0.96,0.03,,,,0.43,0.57,0.94,0.06
316,17K751,Academy for Health Careers,86,0.7906976744186046,1.0,2.0,83.0,75.0,11.0,2.0,75.0,5.0,3.0,,1.0,59.0,27.0,75.0,11.0,0.01,0.02,0.97,0.87,0.13,0.02,0.87,0.06,0.03,,0.01,0.69,0.31,0.87,0.13
317,18K563,It Takes a Village Academy,150,0.9,13.0,22.0,115.0,131.0,19.0,2.0,129.0,12.0,1.0,4.0,2.0,70.0,80.0,108.0,42.0,0.09,0.15,0.77,0.87,0.13,0.01,0.86,0.08,0.01,0.03,0.01,0.47,0.53,0.72,0.28
318,18K566,Brooklyn Generation School,44,0.7045454545454546,3.0,2.0,39.0,34.0,10.0,3.0,31.0,5.0,2.0,1.0,2.0,16.0,28.0,37.0,7.0,0.07,0.05,0.89,0.77,0.23,0.07,0.7,0.11,0.05,0.02,0.05,0.36,0.64,0.84,0.16
319,18K567,Brooklyn Theatre Arts High School,79,0.8227848101265823,1.0,,78.0,67.0,12.0,,66.0,10.0,1.0,2.0,,49.0,30.0,62.0,17.0,0.01,,0.99,0.85,0.15,,0.84,0.13,0.01,0.03,,0.62,0.38,0.78,0.22
320,18K569,Kurt Hahn Expeditionary Learning School,101,0.8118811881188119,3.0,2.0,96.0,80.0,21.0,1.0,93.0,6.0,,,1.0,33.0,68.0,83.0,18.0,0.03,0.02,0.95,0.79,0.21,0.01,0.92,0.06,,,0.01,0.33,0.67,0.82,0.18
321,18K576,Victory Collegiate High School,106,0.8207547169811321,2.0,2.0,102.0,86.0,20.0,1.0,92.0,7.0,3.0,,3.0,44.0,62.0,85.0,21.0,0.02,0.02,0.96,0.81,0.19,0.01,0.87,0.07,0.03,,0.03,0.42,0.58,0.8,0.2
322,18K578,Brooklyn Bridge Academy,97,0.20618556701030927,13.0,2.0,82.0,83.0,14.0,3.0,79.0,11.0,1.0,,3.0,41.0,56.0,79.0,18.0,0.13,0.02,0.85,0.86,0.14,0.03,0.81,0.11,0.01,,0.03,0.42,0.58,0.81,0.19
324,18K617,High School for Innovation in Advertising and Media,61,0.5737704918032787,6.0,3.0,52.0,51.0,10.0,,49.0,11.0,,1.0,,22.0,39.0,46.0,15.0,0.1,0.05,0.85,0.84,0.16,,0.8,0.18,,0.02,,0.36,0.64,0.75,0.25
325,18K629,Cultural Academy for the Arts and Sciences,89,0.797752808988764,5.0,2.0,82.0,74.0,15.0,1.0,83.0,5.0,,,,35.0,54.0,71.0,18.0,0.06,0.02,0.92,0.83,0.17,0.01,0.93,0.06,,,,0.39,0.61,0.8,0.2
326,18K633,High School for Medical Professions,112,0.9107142857142857,2.0,4.0,106.0,100.0,12.0,2.0,98.0,11.0,,,1.0,78.0,34.0,107.0,5.0,0.02,0.04,0.95,0.89,0.11,0.02,0.88,0.1,,,0.01,0.7,0.3,0.96,0.04
327,18K635,Olympus Academy,83,0.24096385542168675,3.0,2.0,78.0,62.0,21.0,,72.0,9.0,,,2.0,37.0,46.0,72.0,11.0,0.04,0.02,0.94,0.75,0.25,,0.87,0.11,,,0.02,0.45,0.55,0.87,0.13
328,18K637,Academy for Conservation and the Environment,75,0.8266666666666667,2.0,2.0,71.0,54.0,21.0,2.0,61.0,8.0,,1.0,3.0,32.0,43.0,66.0,9.0,0.03,0.03,0.95,0.72,0.28,0.03,0.81,0.11,,0.01,0.04,0.43,0.57,0.88,0.12
329,18K642,Urban Action Academy,80,0.525,11.0,3.0,66.0,61.0,19.0,,65.0,11.0,,,4.0,30.0,50.0,58.0,22.0,0.14,0.04,0.82,0.76,0.24,,0.81,0.14,,,0.05,0.38,0.62,0.72,0.28
330,18K673,East Brooklyn Community High School,103,0.24271844660194175,5.0,2.0,96.0,70.0,33.0,1.0,77.0,17.0,,3.0,5.0,48.0,55.0,80.0,23.0,0.05,0.02,0.93,0.68,0.32,0.01,0.75,0.17,,0.03,0.05,0.47,0.53,0.78,0.22
331,19K404,Academy for Young Writers,65,0.8769230769230769,,,65.0,52.0,13.0,,51.0,12.0,1.0,,1.0,40.0,25.0,48.0,17.0,,,1.0,0.8,0.2,,0.78,0.18,0.02,,0.02,0.62,0.38,0.74,0.26
332,19K409,East New York Family Academy,57,0.8070175438596491,2.0,1.0,54.0,43.0,14.0,2.0,41.0,14.0,,,,25.0,32.0,48.0,9.0,0.04,0.02,0.95,0.75,0.25,0.04,0.72,0.25,,,,0.44,0.56,0.84,0.16
334,19K502,FDNY - Captain Vernon A. Richard High School for Fire and Life Safety,90,0.7444444444444445,3.0,6.0,81.0,69.0,21.0,1.0,65.0,24.0,,,,24.0,66.0,69.0,21.0,0.03,0.07,0.9,0.77,0.23,0.01,0.72,0.27,,,,0.27,0.73,0.77,0.23
335,19K504,High School for Civil Rights,96,0.5625,9.0,4.0,83.0,74.0,22.0,2.0,64.0,27.0,,2.0,1.0,34.0,62.0,73.0,23.0,0.09,0.04,0.86,0.77,0.23,0.02,0.67,0.28,,0.02,0.01,0.35,0.65,0.76,0.24
336,19K507,Performing Arts and Technology High School,92,0.8043478260869565,9.0,2.0,81.0,74.0,18.0,3.0,59.0,29.0,,1.0,,49.0,43.0,84.0,8.0,0.1,0.02,0.88,0.8,0.2,0.03,0.64,0.32,,0.01,,0.53,0.47,0.91,0.09
337,19K510,World Academy for Total Community Health High School,56,0.7321428571428571,3.0,1.0,52.0,41.0,15.0,4.0,44.0,7.0,,1.0,,34.0,22.0,50.0,6.0,0.05,0.02,0.93,0.73,0.27,0.07,0.79,0.12,,0.02,,0.61,0.39,0.89,0.11
338,19K583,Multicultural High School,63,0.8095238095238095,48.0,12.0,3.0,62.0,1.0,,,63.0,,,,35.0,28.0,56.0,7.0,0.76,0.19,0.05,0.98,0.02,,,1.0,,,,0.56,0.44,0.89,0.11
339,19K615,Transit Tech Career and Technical Education High School,199,0.7738693467336684,4.0,12.0,183.0,144.0,55.0,3.0,119.0,72.0,,1.0,4.0,22.0,177.0,157.0,42.0,0.02,0.06,0.92,0.72,0.28,0.02,0.6,0.36,,0.01,0.02,0.11,0.89,0.79,0.21
340,19K618,Academy of Innovative Technology,95,0.8526315789473684,9.0,9.0,77.0,71.0,24.0,3.0,37.0,49.0,2.0,2.0,2.0,16.0,79.0,84.0,11.0,0.09,0.09,0.81,0.75,0.25,0.03,0.39,0.52,0.02,0.02,0.02,0.17,0.83,0.88,0.12
341,19K639,Brooklyn Lab School,80,0.675,14.0,8.0,58.0,67.0,13.0,9.0,23.0,45.0,,1.0,2.0,34.0,46.0,67.0,13.0,0.18,0.1,0.72,0.84,0.16,0.11,0.29,0.56,,0.01,0.02,0.42,0.57,0.84,0.16
342,19K659,Cypress Hills Collegiate Preparatory School,50,0.86,8.0,5.0,37.0,46.0,4.0,4.0,14.0,30.0,,1.0,1.0,24.0,26.0,44.0,6.0,0.16,0.1,0.74,0.92,0.08,0.08,0.28,0.6,,0.02,0.02,0.48,0.52,0.88,0.12
343,19K660,W. H. Maxwell Career and Technical Education High School,110,0.7727272727272727,9.0,2.0,99.0,77.0,33.0,2.0,77.0,31.0,,,,72.0,38.0,100.0,10.0,0.08,0.02,0.9,0.7,0.3,0.02,0.7,0.28,,,,0.65,0.35,0.91,0.09
344,19K683,School for Classics High School,91,0.7142857142857143,10.0,12.0,69.0,66.0,25.0,12.0,50.0,29.0,,,,59.0,32.0,83.0,8.0,0.11,0.13,0.76,0.73,0.27,0.13,0.55,0.32,,,,0.65,0.35,0.91,0.09
345,19K764,The Urban Assembly School for Collaborative Healthcare,87,0.8045977011494253,11.0,4.0,72.0,75.0,12.0,10.0,43.0,25.0,5.0,,4.0,54.0,33.0,66.0,21.0,0.13,0.05,0.83,0.86,0.14,0.11,0.49,0.29,0.06,,0.05,0.62,0.38,0.76,0.24
346,20K445,New Utrecht High School,896,0.7845982142857143,119.0,144.0,633.0,770.0,126.0,390.0,29.0,244.0,10.0,,223.0,382.0,514.0,727.0,169.0,0.13,0.16,0.71,0.86,0.14,0.44,0.03,0.27,0.01,,0.25,0.43,0.57,0.81,0.19
347,20K485,High School of Telecommunication Arts and Technology,314,0.910828025477707,10.0,27.0,277.0,263.0,51.0,66.0,30.0,157.0,7.0,,54.0,156.0,158.0,233.0,81.0,0.03,0.09,0.88,0.84,0.16,0.21,0.1,0.5,0.02,,0.17,0.5,0.5,0.74,0.26
348,20K490,Fort Hamilton High School,1119,0.8060768543342269,142.0,104.0,873.0,992.0,127.0,302.0,52.0,325.0,17.0,2.0,421.0,534.0,585.0,833.0,286.0,0.13,0.09,0.78,0.89,0.11,0.27,0.05,0.29,0.02,0.0,0.38,0.48,0.52,0.74,0.26
349,20K505,Franklin Delano Roosevelt High School,748,0.6951871657754011,184.0,118.0,446.0,642.0,106.0,292.0,94.0,223.0,1.0,3.0,135.0,336.0,412.0,634.0,114.0,0.25,0.16,0.6,0.86,0.14,0.39,0.13,0.3,0.0,0.0,0.18,0.45,0.55,0.85,0.15
350,20K609,Urban Assembly School for Criminal Justice,84,0.9285714285714286,3.0,17.0,64.0,69.0,15.0,41.0,13.0,11.0,1.0,,18.0,84.0,,75.0,9.0,0.04,0.2,0.76,0.82,0.18,0.49,0.15,0.13,0.01,,0.21,1.0,,0.89,0.11
351,21K337,International High School at Lafayette,80,0.7,49.0,24.0,7.0,79.0,1.0,30.0,2.0,25.0,,,23.0,26.0,54.0,75.0,5.0,0.61,0.3,0.09,0.99,0.01,0.38,0.02,0.31,,,0.29,0.32,0.68,0.94,0.06
352,21K344,Rachel Carson High School for Coastal Studies,158,0.7848101265822784,9.0,16.0,133.0,129.0,29.0,23.0,33.0,33.0,,1.0,68.0,71.0,87.0,102.0,56.0,0.06,0.1,0.84,0.82,0.18,0.15,0.21,0.21,,0.01,0.43,0.45,0.55,0.65,0.35
353,21K348,High School of Sports Management,34,0.7058823529411765,2.0,3.0,29.0,28.0,6.0,3.0,17.0,8.0,,1.0,5.0,2.0,32.0,31.0,3.0,0.06,0.09,0.85,0.82,0.18,0.09,0.5,0.24,,0.03,0.15,0.06,0.94,0.91,0.09
354,21K410,Abraham Lincoln High School,494,0.7469635627530364,75.0,58.0,361.0,419.0,75.0,93.0,174.0,114.0,7.0,4.0,102.0,183.0,311.0,387.0,107.0,0.15,0.12,0.73,0.85,0.15,0.19,0.35,0.23,0.01,0.01,0.21,0.37,0.63,0.78,0.22
355,21K468,Kingsborough Early College School,88,1.0,,2.0,86.0,71.0,17.0,3.0,15.0,23.0,1.0,,46.0,44.0,44.0,54.0,34.0,,0.02,0.98,0.81,0.19,0.03,0.17,0.26,0.01,,0.52,0.5,0.5,0.61,0.39
356,21K525,Edward R. Murrow High School,939,0.8317358892438764,28.0,120.0,791.0,784.0,155.0,239.0,210.0,212.0,29.0,4.0,245.0,562.0,377.0,670.0,269.0,0.03,0.13,0.84,0.83,0.17,0.25,0.22,0.23,0.03,0.0,0.26,0.6,0.4,0.71,0.29
357,21K540,John Dewey High School,576,0.8246527777777778,57.0,58.0,461.0,506.0,70.0,184.0,196.0,113.0,13.0,4.0,66.0,285.0,291.0,467.0,109.0,0.1,0.1,0.8,0.88,0.12,0.32,0.34,0.2,0.02,0.01,0.11,0.49,0.51,0.81,0.19
358,21K559,Life Academy High School for Film and Music,63,0.9047619047619048,,2.0,61.0,46.0,17.0,6.0,31.0,13.0,1.0,,12.0,24.0,39.0,41.0,22.0,,0.03,0.97,0.73,0.27,0.1,0.49,0.21,0.02,,0.19,0.38,0.62,0.65,0.35
359,21K572,Expeditionary Learning School for Community Leaders,71,0.8873239436619719,11.0,4.0,56.0,57.0,14.0,13.0,13.0,24.0,,1.0,20.0,35.0,36.0,56.0,15.0,0.15,0.06,0.79,0.8,0.2,0.18,0.18,0.34,,0.01,0.28,0.49,0.51,0.79,0.21
360,21K620,William E. Grady Career and Technical Education High School,144,0.6875,5.0,1.0,138.0,98.0,46.0,11.0,96.0,26.0,1.0,1.0,9.0,36.0,108.0,122.0,22.0,0.03,0.01,0.96,0.68,0.32,0.08,0.67,0.18,0.01,0.01,0.06,0.25,0.75,0.85,0.15
361,21K690,Brooklyn Studio Secondary School,164,0.8048780487804879,13.0,16.0,135.0,129.0,35.0,30.0,4.0,46.0,,1.0,83.0,86.0,78.0,117.0,47.0,0.08,0.1,0.82,0.79,0.21,0.18,0.02,0.28,,0.01,0.51,0.52,0.48,0.71,0.29
362,21K728,Liberation Diploma Plus,64,0.296875,4.0,,60.0,39.0,25.0,,31.0,29.0,,,4.0,28.0,36.0,55.0,9.0,0.06,,0.94,0.61,0.39,,0.48,0.45,,,0.06,0.44,0.56,0.86,0.14
363,22K405,Midwood High School,846,0.9231678486997635,11.0,33.0,802.0,795.0,51.0,323.0,184.0,110.0,11.0,4.0,214.0,478.0,368.0,612.0,234.0,0.01,0.04,0.95,0.94,0.06,0.38,0.22,0.13,0.01,0.0,0.25,0.57,0.43,0.72,0.28
364,22K425,James Madison High School,819,0.8241758241758241,77.0,74.0,668.0,708.0,111.0,165.0,125.0,152.0,4.0,6.0,367.0,358.0,461.0,616.0,203.0,0.09,0.09,0.82,0.86,0.14,0.2,0.15,0.19,0.0,0.01,0.45,0.44,0.56,0.75,0.25
365,22K535,Leon M. Goldstein High School for the Sciences,265,0.9358490566037736,,3.0,262.0,232.0,33.0,53.0,30.0,23.0,,2.0,157.0,139.0,126.0,117.0,148.0,,0.01,0.99,0.88,0.12,0.2,0.11,0.09,,0.01,0.59,0.52,0.48,0.44,0.56
366,22K555,Brooklyn College Academy,142,0.9929577464788732,,,142.0,127.0,15.0,10.0,93.0,20.0,13.0,1.0,5.0,94.0,48.0,94.0,48.0,,,1.0,0.89,0.11,0.07,0.65,0.14,0.09,0.01,0.04,0.66,0.34,0.66,0.34
367,22K611,Origins High School,109,0.8715596330275229,8.0,8.0,93.0,91.0,18.0,15.0,44.0,24.0,,2.0,24.0,55.0,54.0,83.0,26.0,0.07,0.07,0.85,0.83,0.17,0.14,0.4,0.22,,0.02,0.22,0.5,0.5,0.76,0.24
368,22K630,Professional Pathways High School,96,0.16666666666666666,5.0,4.0,87.0,74.0,22.0,10.0,27.0,28.0,1.0,,30.0,45.0,51.0,80.0,16.0,0.05,0.04,0.91,0.77,0.23,0.1,0.28,0.29,0.01,,0.31,0.47,0.53,0.83,0.17
369,23K493,Brooklyn Collegiate: A College Board School,70,0.8571428571428571,1.0,,69.0,52.0,18.0,1.0,62.0,6.0,,1.0,,25.0,45.0,66.0,4.0,0.01,,0.99,0.74,0.26,0.01,0.89,0.09,,0.01,,0.36,0.64,0.94,0.06
370,23K514,Frederick Douglass Academy VII High School,62,0.5645161290322581,2.0,,60.0,41.0,21.0,1.0,49.0,12.0,,,,22.0,40.0,57.0,5.0,0.03,,0.97,0.66,0.34,0.02,0.79,0.19,,,,0.35,0.65,0.92,0.08
371,23K643,Brooklyn Democracy Academy,63,0.1111111111111111,1.0,,62.0,49.0,14.0,2.0,44.0,15.0,,2.0,,26.0,37.0,51.0,12.0,0.02,,0.98,0.78,0.22,0.03,0.7,0.24,,0.03,,0.41,0.59,0.81,0.19
372,23K644,Eagle Academy for Young Men II,90,0.9111111111111111,,2.0,88.0,66.0,24.0,,78.0,12.0,,,,,90.0,73.0,17.0,,0.02,0.98,0.73,0.27,,0.87,0.13,,,,,1.0,0.81,0.19
373,23K647,Metropolitan Diploma Plus High School,93,0.25806451612903225,,,93.0,64.0,29.0,,79.0,11.0,2.0,1.0,,43.0,50.0,84.0,9.0,,,1.0,0.69,0.31,,0.85,0.12,0.02,0.01,,0.46,0.54,0.9,0.1
374,23K697,Teachers Preparatory High School,58,0.7413793103448276,,,58.0,37.0,21.0,1.0,45.0,12.0,,,,35.0,23.0,49.0,9.0,,,1.0,0.64,0.36,0.02,0.78,0.21,,,,0.6,0.4,0.84,0.16
375,24Q236,International High School for Health Sciences,90,0.5555555555555556,44.0,32.0,14.0,90.0,,15.0,4.0,62.0,,1.0,8.0,55.0,35.0,78.0,12.0,0.49,0.36,0.16,1.0,,0.17,0.04,0.69,,0.01,0.09,0.61,0.39,0.87,0.13
376,24Q264,Academy of Finance and Enterprise,128,0.953125,3.0,11.0,114.0,116.0,12.0,39.0,7.0,58.0,,3.0,21.0,64.0,64.0,103.0,25.0,0.02,0.09,0.89,0.91,0.09,0.3,0.05,0.45,,0.02,0.16,0.5,0.5,0.8,0.2
377,24Q267,High School of Applied Communication,99,0.8787878787878788,5.0,7.0,87.0,85.0,14.0,13.0,14.0,52.0,5.0,,15.0,61.0,38.0,76.0,23.0,0.05,0.07,0.88,0.86,0.14,0.13,0.14,0.53,0.05,,0.15,0.62,0.38,0.77,0.23
378,24Q293,Civic Leadership Academy,122,0.9180327868852459,1.0,6.0,115.0,107.0,15.0,21.0,8.0,75.0,11.0,,7.0,57.0,65.0,100.0,22.0,0.01,0.05,0.94,0.88,0.12,0.17,0.07,0.61,0.09,,0.06,0.47,0.53,0.82,0.18
379,24Q296,Pan American International High School,94,0.8936170212765957,45.0,40.0,9.0,89.0,5.0,,,94.0,,,,48.0,46.0,82.0,12.0,0.48,0.43,0.1,0.95,0.05,,,1.0,,,,0.51,0.49,0.87,0.13
380,24Q299,Bard High School Early College Queens,151,0.9933774834437086,,,151.0,149.0,2.0,49.0,20.0,28.0,7.0,1.0,46.0,93.0,58.0,64.0,87.0,,,1.0,0.99,0.01,0.32,0.13,0.19,0.05,0.01,0.3,0.62,0.38,0.42,0.58
381,24Q455,Newtown High School,640,0.7265625,134.0,71.0,435.0,573.0,67.0,160.0,50.0,389.0,,7.0,34.0,274.0,366.0,511.0,129.0,0.21,0.11,0.68,0.9,0.1,0.25,0.08,0.61,,0.01,0.05,0.43,0.57,0.8,0.2
382,24Q485,Grover Cleveland High School,402,0.6442786069651741,86.0,38.0,278.0,329.0,73.0,38.0,15.0,262.0,6.0,,81.0,163.0,239.0,278.0,124.0,0.21,0.09,0.69,0.82,0.18,0.09,0.04,0.65,0.01,,0.2,0.41,0.59,0.69,0.31
383,24Q520,Middle College High School at LaGuardia Community College,108,0.8796296296296297,,,108.0,91.0,17.0,11.0,1.0,87.0,,,9.0,46.0,62.0,69.0,39.0,,,1.0,0.84,0.16,0.1,0.01,0.81,,,0.08,0.43,0.57,0.64,0.36
384,24Q530,International High School at LaGuardia Community College,118,0.8050847457627118,32.0,71.0,15.0,116.0,2.0,42.0,2.0,56.0,1.0,,17.0,68.0,50.0,86.0,32.0,0.27,0.6,0.13,0.98,0.02,0.36,0.02,0.47,0.01,,0.14,0.58,0.42,0.73,0.27
385,24Q550,High School for Arts and Business,200,0.935,5.0,13.0,182.0,166.0,34.0,26.0,19.0,144.0,1.0,1.0,9.0,127.0,73.0,137.0,63.0,0.02,0.06,0.91,0.83,0.17,0.13,0.1,0.72,0.0,0.0,0.04,0.64,0.36,0.68,0.32
386,24Q560,"Robert F. Wagner, Jr. Secondary School for Arts and Technology",114,0.956140350877193,5.0,4.0,105.0,100.0,14.0,25.0,8.0,66.0,2.0,,13.0,45.0,69.0,100.0,14.0,0.04,0.04,0.92,0.88,0.12,0.22,0.07,0.58,0.02,,0.11,0.39,0.61,0.88,0.12
387,24Q585,Maspeth High School,243,0.9835390946502057,,6.0,237.0,210.0,33.0,48.0,1.0,93.0,,,101.0,116.0,127.0,139.0,104.0,,0.02,0.98,0.86,0.14,0.2,0.0,0.38,,,0.42,0.48,0.52,0.57,0.43
388,24Q600,Queens Technical High School,357,0.865546218487395,4.0,19.0,334.0,304.0,53.0,54.0,19.0,257.0,1.0,,26.0,115.0,242.0,292.0,65.0,0.01,0.05,0.94,0.85,0.15,0.15,0.05,0.72,0.0,,0.07,0.32,0.68,0.82,0.18
389,24Q610,Aviation Career & Technical Education High School,472,0.9491525423728814,5.0,28.0,439.0,400.0,72.0,166.0,26.0,206.0,14.0,5.0,55.0,111.0,361.0,288.0,184.0,0.01,0.06,0.93,0.85,0.15,0.35,0.06,0.44,0.03,0.01,0.12,0.24,0.76,0.61,0.39
390,24Q744,VOYAGES Preparatory,76,0.19736842105263158,3.0,2.0,71.0,73.0,3.0,6.0,10.0,56.0,,2.0,2.0,33.0,43.0,62.0,14.0,0.04,0.03,0.93,0.96,0.04,0.08,0.13,0.74,,0.03,0.03,0.43,0.57,0.82,0.18
391,25Q240,Veritas Academy,114,0.8596491228070176,6.0,7.0,101.0,91.0,23.0,28.0,9.0,53.0,,1.0,23.0,61.0,53.0,76.0,38.0,0.05,0.06,0.89,0.8,0.2,0.25,0.08,0.46,,0.01,0.2,0.54,0.46,0.67,0.33
392,25Q241,Queens High School for Language Studies,101,0.9702970297029703,4.0,24.0,73.0,95.0,6.0,54.0,14.0,28.0,,1.0,4.0,62.0,39.0,89.0,12.0,0.04,0.24,0.72,0.94,0.06,0.53,0.14,0.28,,0.01,0.04,0.61,0.39,0.88,0.12
393,25Q252,"Queens School of Inquiry, The",69,0.9420289855072463,,,69.0,62.0,7.0,28.0,12.0,12.0,,,17.0,31.0,38.0,36.0,33.0,,,1.0,0.9,0.1,0.41,0.17,0.17,,,0.25,0.45,0.55,0.52,0.48
394,25Q263,Flushing International High School,109,0.7064220183486238,66.0,36.0,7.0,108.0,1.0,52.0,,51.0,,2.0,4.0,44.0,65.0,99.0,10.0,0.61,0.33,0.06,0.99,0.01,0.48,,0.47,,0.02,0.04,0.4,0.6,0.91,0.09
395,25Q281,East-West School of International Studies,85,0.9411764705882353,1.0,7.0,77.0,78.0,7.0,46.0,12.0,24.0,,1.0,2.0,34.0,51.0,80.0,5.0,0.01,0.08,0.91,0.92,0.08,0.54,0.14,0.28,,0.01,0.02,0.4,0.6,0.94,0.06
396,25Q285,World Journalism Preparatory: A College Board School,72,0.9583333333333334,,,72.0,58.0,14.0,7.0,9.0,16.0,,,40.0,49.0,23.0,35.0,37.0,,,1.0,0.81,0.19,0.1,0.12,0.22,,,0.56,0.68,0.32,0.49,0.51
397,25Q425,John Bowne High School,876,0.7705479452054794,110.0,130.0,636.0,765.0,111.0,268.0,148.0,390.0,15.0,4.0,51.0,404.0,472.0,700.0,176.0,0.13,0.15,0.73,0.87,0.13,0.31,0.17,0.45,0.02,0.0,0.06,0.46,0.54,0.8,0.2
398,25Q460,Flushing High School,382,0.6230366492146597,105.0,19.0,258.0,324.0,58.0,59.0,73.0,235.0,,4.0,11.0,175.0,207.0,303.0,79.0,0.27,0.05,0.68,0.85,0.15,0.15,0.19,0.62,,0.01,0.03,0.46,0.54,0.79,0.21
399,25Q525,Townsend Harris High School,291,0.9965635738831615,,1.0,290.0,284.0,7.0,178.0,18.0,19.0,3.0,5.0,68.0,211.0,80.0,171.0,120.0,,0.0,1.0,0.98,0.02,0.61,0.06,0.07,0.01,0.02,0.23,0.73,0.27,0.59,0.41
400,25Q540,Queens Academy High School,155,0.12258064516129032,11.0,4.0,140.0,129.0,26.0,14.0,56.0,69.0,,6.0,10.0,64.0,91.0,107.0,48.0,0.07,0.03,0.9,0.83,0.17,0.09,0.36,0.45,,0.04,0.06,0.41,0.59,0.69,0.31
401,25Q670,Robert F. Kennedy Community High School,183,0.8032786885245902,14.0,16.0,153.0,159.0,24.0,60.0,26.0,69.0,5.0,,23.0,90.0,93.0,148.0,35.0,0.08,0.09,0.84,0.87,0.13,0.33,0.14,0.38,0.03,,0.13,0.49,0.51,0.81,0.19
402,25Q792,North Queens Community High School,84,0.09523809523809523,2.0,1.0,81.0,68.0,16.0,6.0,35.0,34.0,1.0,1.0,7.0,38.0,46.0,67.0,17.0,0.02,0.01,0.96,0.81,0.19,0.07,0.42,0.4,0.01,0.01,0.08,0.45,0.55,0.8,0.2
403,26Q315,Business Technology Early College High School,89,0.8876404494382022,3.0,2.0,84.0,78.0,11.0,26.0,27.0,21.0,4.0,1.0,10.0,27.0,62.0,66.0,23.0,0.03,0.02,0.94,0.88,0.12,0.29,0.3,0.24,0.04,0.01,0.11,0.3,0.7,0.74,0.26
404,26Q415,Benjamin N. Cardozo High School,891,0.8866442199775533,25.0,55.0,811.0,788.0,103.0,397.0,176.0,182.0,3.0,7.0,126.0,451.0,440.0,590.0,301.0,0.03,0.06,0.91,0.88,0.12,0.45,0.2,0.2,0.0,0.01,0.14,0.51,0.49,0.66,0.34
405,26Q430,Francis Lewis High School,1180,0.8762711864406779,80.0,115.0,985.0,1040.0,140.0,687.0,64.0,233.0,3.0,8.0,185.0,577.0,603.0,861.0,319.0,0.07,0.1,0.83,0.88,0.12,0.58,0.05,0.2,0.0,0.01,0.16,0.49,0.51,0.73,0.27
406,26Q435,Martin Van Buren High School,274,0.7956204379562044,24.0,29.0,221.0,246.0,28.0,97.0,100.0,49.0,,17.0,11.0,121.0,153.0,217.0,57.0,0.09,0.11,0.81,0.9,0.1,0.35,0.36,0.18,,0.06,0.04,0.44,0.56,0.79,0.21
407,26Q495,Bayside High School,904,0.9867256637168141,25.0,51.0,828.0,760.0,144.0,433.0,95.0,215.0,2.0,4.0,155.0,435.0,469.0,694.0,210.0,0.03,0.06,0.92,0.84,0.16,0.48,0.11,0.24,0.0,0.0,0.17,0.48,0.52,0.77,0.23
408,26Q566,"Queens High School of Teaching, Liberal Arts and the Sciences",245,0.9102040816326531,1.0,2.0,242.0,198.0,47.0,57.0,136.0,34.0,2.0,2.0,14.0,121.0,124.0,149.0,96.0,0.0,0.01,0.99,0.81,0.19,0.23,0.56,0.14,0.01,0.01,0.06,0.49,0.51,0.61,0.39
409,27Q260,Frederick Douglass Academy VI High School,114,0.4298245614035088,20.0,3.0,91.0,91.0,23.0,3.0,67.0,42.0,1.0,,1.0,55.0,59.0,86.0,28.0,0.18,0.03,0.8,0.8,0.2,0.03,0.59,0.37,0.01,,0.01,0.48,0.52,0.75,0.25
410,27Q261,Voyages Prep - South Queens,129,0.2868217054263566,1.0,2.0,126.0,119.0,10.0,11.0,90.0,22.0,1.0,5.0,,52.0,77.0,96.0,33.0,0.01,0.02,0.98,0.92,0.08,0.09,0.7,0.17,0.01,0.04,,0.4,0.6,0.74,0.26
411,27Q262,Channel View School for Research,128,0.96875,2.0,4.0,122.0,108.0,20.0,10.0,61.0,36.0,,2.0,19.0,68.0,60.0,93.0,35.0,0.02,0.03,0.95,0.84,0.16,0.08,0.48,0.28,,0.02,0.15,0.53,0.47,0.73,0.27
412,27Q302,"Queens High School for Information, Research, and Technology",92,0.8369565217391305,25.0,4.0,63.0,79.0,13.0,7.0,37.0,46.0,1.0,,1.0,34.0,58.0,63.0,29.0,0.27,0.04,0.68,0.86,0.14,0.08,0.4,0.5,0.01,,0.01,0.37,0.63,0.68,0.32
413,27Q308,Robert H. Goddard High School of Communication Arts and Technology,149,0.9731543624161074,,5.0,144.0,126.0,23.0,42.0,9.0,58.0,2.0,9.0,29.0,81.0,68.0,113.0,36.0,,0.03,0.97,0.85,0.15,0.28,0.06,0.39,0.01,0.06,0.19,0.54,0.46,0.76,0.24
414,27Q309,Academy of Medical Technology: A College Board School,102,0.8235294117647058,11.0,6.0,85.0,86.0,16.0,7.0,47.0,42.0,,2.0,4.0,53.0,49.0,76.0,26.0,0.11,0.06,0.83,0.84,0.16,0.07,0.46,0.41,,0.02,0.04,0.52,0.48,0.75,0.25
415,27Q314,Epic High School - South,73,0.6575342465753424,5.0,,68.0,67.0,6.0,22.0,23.0,18.0,1.0,6.0,3.0,35.0,38.0,49.0,24.0,0.07,,0.93,0.92,0.08,0.3,0.32,0.25,0.01,0.08,0.04,0.48,0.52,0.67,0.33
416,27Q323,Scholars' Academy,148,1.0,,,148.0,141.0,7.0,34.0,29.0,36.0,,,49.0,82.0,66.0,90.0,58.0,,,1.0,0.95,0.05,0.23,0.2,0.24,,,0.33,0.55,0.45,0.61,0.39
417,27Q324,Rockaway Park High School for Environmental Sustainability,87,0.7471264367816092,8.0,4.0,75.0,74.0,13.0,7.0,36.0,28.0,2.0,1.0,13.0,33.0,54.0,75.0,12.0,0.09,0.05,0.86,0.85,0.15,0.08,0.41,0.32,0.02,0.01,0.15,0.38,0.62,0.86,0.14
418,27Q334,Epic High School - North,103,0.8640776699029126,3.0,2.0,98.0,92.0,11.0,16.0,27.0,40.0,10.0,4.0,6.0,46.0,57.0,71.0,32.0,0.03,0.02,0.95,0.89,0.11,0.16,0.26,0.39,0.1,0.04,0.06,0.45,0.55,0.69,0.31
419,27Q351,Rockaway Collegiate High School,93,0.6666666666666666,5.0,5.0,83.0,80.0,13.0,7.0,43.0,29.0,7.0,2.0,5.0,43.0,50.0,68.0,25.0,0.05,0.05,0.89,0.86,0.14,0.08,0.46,0.31,0.08,0.02,0.05,0.46,0.54,0.73,0.27
420,27Q400,August Martin High School,96,0.7395833333333334,5.0,2.0,89.0,79.0,17.0,5.0,72.0,12.0,2.0,5.0,,38.0,58.0,81.0,15.0,0.05,0.02,0.93,0.82,0.18,0.05,0.75,0.12,0.02,0.05,,0.4,0.6,0.84,0.16
421,27Q475,Richmond Hill High School,526,0.7072243346007605,101.0,51.0,374.0,455.0,71.0,165.0,61.0,270.0,,9.0,21.0,225.0,301.0,423.0,103.0,0.19,0.1,0.71,0.87,0.13,0.31,0.12,0.51,,0.02,0.04,0.43,0.57,0.8,0.2
422,27Q480,John Adams High School,531,0.7250470809792844,90.0,38.0,403.0,445.0,86.0,206.0,108.0,169.0,4.0,26.0,18.0,225.0,306.0,393.0,138.0,0.17,0.07,0.76,0.84,0.16,0.39,0.2,0.32,0.01,0.05,0.03,0.42,0.58,0.74,0.26
423,27Q650,"High School for Construction Trades, Engineering and Architecture",255,0.9607843137254902,,3.0,252.0,222.0,33.0,88.0,28.0,71.0,25.0,7.0,36.0,84.0,171.0,162.0,93.0,,0.01,0.99,0.87,0.13,0.35,0.11,0.28,0.1,0.03,0.14,0.33,0.67,0.64,0.36
424,28Q167,Metropolitan Expeditionary Learning School,110,0.9727272727272728,,1.0,109.0,88.0,22.0,16.0,26.0,33.0,5.0,3.0,27.0,52.0,58.0,70.0,40.0,,0.01,0.99,0.8,0.2,0.15,0.24,0.3,0.05,0.03,0.25,0.47,0.53,0.64,0.36
425,28Q284,York Early College Academy,84,0.9761904761904762,,,84.0,78.0,6.0,28.0,39.0,8.0,3.0,3.0,3.0,47.0,37.0,54.0,30.0,,,1.0,0.93,0.07,0.33,0.46,0.1,0.04,0.04,0.04,0.56,0.44,0.64,0.36
426,28Q310,Queens Collegiate: A College Board School,112,0.875,6.0,5.0,101.0,101.0,11.0,34.0,59.0,13.0,,2.0,4.0,61.0,51.0,95.0,17.0,0.05,0.04,0.9,0.9,0.1,0.3,0.53,0.12,,0.02,0.04,0.54,0.46,0.85,0.15
427,28Q325,Hillside Arts & Letters Academy,112,0.8839285714285714,5.0,12.0,95.0,91.0,21.0,36.0,41.0,25.0,3.0,7.0,,66.0,46.0,91.0,21.0,0.04,0.11,0.85,0.81,0.19,0.32,0.37,0.22,0.03,0.06,,0.59,0.41,0.81,0.19
428,28Q328,High School for Community Leadership,120,0.9333333333333333,9.0,3.0,108.0,96.0,24.0,27.0,48.0,23.0,6.0,6.0,10.0,67.0,53.0,96.0,24.0,0.08,0.02,0.9,0.8,0.2,0.22,0.4,0.19,0.05,0.05,0.08,0.56,0.44,0.8,0.2
429,28Q338,Queens Satellite High School for Opportunity,107,0.14953271028037382,3.0,4.0,100.0,94.0,13.0,16.0,49.0,23.0,,11.0,8.0,51.0,56.0,94.0,13.0,0.03,0.04,0.93,0.88,0.12,0.15,0.46,0.21,,0.1,0.07,0.48,0.52,0.88,0.12
430,28Q350,Jamaica Gateway to the Sciences,132,0.8409090909090909,9.0,10.0,113.0,114.0,18.0,64.0,53.0,6.0,5.0,3.0,1.0,72.0,60.0,98.0,34.0,0.07,0.08,0.86,0.86,0.14,0.48,0.4,0.05,0.04,0.02,0.01,0.55,0.45,0.74,0.26
431,28Q440,Forest Hills High School,1043,0.9108341323106424,30.0,78.0,935.0,925.0,118.0,273.0,96.0,358.0,18.0,8.0,290.0,557.0,486.0,793.0,250.0,0.03,0.07,0.9,0.89,0.11,0.26,0.09,0.34,0.02,0.01,0.28,0.53,0.47,0.76,0.24
432,28Q505,Hillcrest High School,838,0.7147971360381862,118.0,69.0,651.0,744.0,94.0,244.0,245.0,277.0,,37.0,35.0,426.0,412.0,703.0,135.0,0.14,0.08,0.78,0.89,0.11,0.29,0.29,0.33,,0.04,0.04,0.51,0.49,0.84,0.16
433,28Q620,Thomas A. Edison Career and Technical Education High School,491,0.9185336048879837,4.0,13.0,474.0,439.0,52.0,229.0,94.0,119.0,,31.0,18.0,166.0,325.0,378.0,113.0,0.01,0.03,0.97,0.89,0.11,0.47,0.19,0.24,,0.06,0.04,0.34,0.66,0.77,0.23
434,28Q680,Queens Gateway to Health Sciences Secondary School,100,0.97,,,100.0,90.0,10.0,47.0,34.0,12.0,,2.0,5.0,59.0,41.0,60.0,40.0,,,1.0,0.9,0.1,0.47,0.34,0.12,,0.02,0.05,0.59,0.41,0.6,0.4
435,28Q686,Queens Metropolitan High School,262,0.9045801526717557,2.0,10.0,250.0,230.0,32.0,30.0,10.0,117.0,1.0,,104.0,119.0,143.0,162.0,100.0,0.01,0.04,0.95,0.88,0.12,0.11,0.04,0.45,0.0,,0.4,0.45,0.55,0.62,0.38
436,28Q687,Queens High School for the Sciences at York College,111,0.990990990990991,,,111.0,111.0,,92.0,8.0,6.0,,,5.0,47.0,64.0,68.0,43.0,,,1.0,1.0,,0.83,0.07,0.05,,,0.05,0.42,0.58,0.61,0.39
437,28Q690,High School for Law Enforcement and Public Safety,130,0.7923076923076923,3.0,1.0,126.0,109.0,21.0,13.0,78.0,31.0,1.0,3.0,4.0,61.0,69.0,91.0,39.0,0.02,0.01,0.97,0.84,0.16,0.1,0.6,0.24,0.01,0.02,0.03,0.47,0.53,0.7,0.3
438,28Q896,"Young Women's Leadership School, Queens",74,0.9864864864864865,1.0,2.0,71.0,63.0,11.0,24.0,33.0,10.0,3.0,1.0,3.0,74.0,,50.0,24.0,0.01,0.03,0.96,0.85,0.15,0.32,0.45,0.14,0.04,0.01,0.04,1.0,,0.68,0.32
439,29Q243,Institute for Health Professions at Cambria Heights,114,0.9122807017543859,1.0,3.0,110.0,103.0,11.0,10.0,85.0,12.0,,4.0,3.0,73.0,41.0,98.0,16.0,0.01,0.03,0.96,0.9,0.1,0.09,0.75,0.11,,0.04,0.03,0.64,0.36,0.86,0.14
440,29Q248,Queens Preparatory Academy,121,0.6694214876033058,6.0,3.0,112.0,100.0,21.0,2.0,101.0,11.0,4.0,1.0,2.0,57.0,64.0,92.0,29.0,0.05,0.02,0.93,0.83,0.17,0.02,0.83,0.09,0.03,0.01,0.02,0.47,0.53,0.76,0.24
441,29Q259,Pathways College Preparatory School: A College Board School,92,0.6847826086956522,7.0,2.0,83.0,76.0,16.0,2.0,80.0,7.0,,1.0,2.0,42.0,50.0,76.0,16.0,0.08,0.02,0.9,0.83,0.17,0.02,0.87,0.08,,0.01,0.02,0.46,0.54,0.83,0.17
442,29Q265,Excelsior Preparatory High School,126,0.8412698412698413,4.0,4.0,118.0,117.0,9.0,5.0,101.0,11.0,5.0,3.0,1.0,60.0,66.0,85.0,41.0,0.03,0.03,0.94,0.93,0.07,0.04,0.8,0.09,0.04,0.02,0.01,0.48,0.52,0.67,0.33
443,29Q272,George Washington Carver High School for the Sciences,143,0.7482517482517482,7.0,4.0,132.0,124.0,19.0,10.0,111.0,17.0,,4.0,1.0,75.0,68.0,112.0,31.0,0.05,0.03,0.92,0.87,0.13,0.07,0.78,0.12,,0.03,0.01,0.52,0.48,0.78,0.22
444,29Q283,Preparatory Academy for Writers: A College Board School,112,0.8839285714285714,1.0,1.0,110.0,100.0,12.0,2.0,103.0,5.0,,1.0,1.0,67.0,45.0,89.0,23.0,0.01,0.01,0.98,0.89,0.11,0.02,0.92,0.04,,0.01,0.01,0.6,0.4,0.79,0.21
445,29Q313,Benjamin Franklin High School for Finance & Information Technology,99,0.8080808080808081,5.0,4.0,90.0,85.0,14.0,13.0,73.0,11.0,,,2.0,48.0,51.0,90.0,9.0,0.05,0.04,0.91,0.86,0.14,0.13,0.74,0.11,,,0.02,0.48,0.52,0.91,0.09
446,29Q326,Cambria Heights Academy,80,0.825,4.0,5.0,71.0,63.0,17.0,12.0,58.0,5.0,,3.0,2.0,47.0,33.0,63.0,17.0,0.05,0.06,0.89,0.79,0.21,0.15,0.72,0.06,,0.04,0.02,0.59,0.41,0.79,0.21
447,29Q327,Eagle Academy for Young Men III,55,0.9090909090909091,,,55.0,42.0,13.0,,47.0,3.0,1.0,2.0,2.0,,55.0,29.0,26.0,,,1.0,0.76,0.24,,0.85,0.05,0.02,0.04,0.04,,1.0,0.53,0.47
448,29Q492,"Mathematics, Science Research and Technology Magnet High School",108,0.7129629629629629,4.0,7.0,97.0,92.0,16.0,13.0,71.0,14.0,5.0,4.0,1.0,41.0,67.0,82.0,26.0,0.04,0.06,0.9,0.85,0.15,0.12,0.66,0.13,0.05,0.04,0.01,0.38,0.62,0.76,0.24
449,29Q498,Humanities & Arts Magnet High School,115,0.8173913043478261,3.0,1.0,111.0,96.0,19.0,4.0,96.0,12.0,,3.0,,68.0,47.0,100.0,15.0,0.03,0.01,0.97,0.83,0.17,0.03,0.83,0.1,,0.03,,0.59,0.41,0.87,0.13
450,30Q258,Energy Tech High School,109,0.8807339449541285,1.0,5.0,103.0,92.0,17.0,26.0,12.0,52.0,1.0,,18.0,29.0,80.0,81.0,28.0,0.01,0.05,0.94,0.84,0.16,0.24,0.11,0.48,0.01,,0.17,0.27,0.73,0.74,0.26
451,30Q286,"Young Women's Leadership School, Astoria",79,0.9873417721518988,3.0,5.0,71.0,72.0,7.0,30.0,3.0,28.0,,,18.0,79.0,,63.0,16.0,0.04,0.06,0.9,0.91,0.09,0.38,0.04,0.35,,,0.23,1.0,,0.8,0.2
452,30Q301,Academy for Careers in Television and Film,140,0.9857142857142858,1.0,7.0,132.0,111.0,29.0,7.0,20.0,70.0,10.0,2.0,31.0,82.0,58.0,68.0,72.0,0.01,0.05,0.94,0.79,0.21,0.05,0.14,0.5,0.07,0.01,0.22,0.59,0.41,0.49,0.51
453,30Q445,William Cullen Bryant High School,644,0.7080745341614907,78.0,56.0,510.0,552.0,92.0,190.0,42.0,302.0,7.0,6.0,97.0,293.0,351.0,537.0,107.0,0.12,0.09,0.79,0.86,0.14,0.3,0.07,0.47,0.01,0.01,0.15,0.45,0.55,0.83,0.17
454,30Q450,Long Island City High School,394,0.7538071065989848,45.0,29.0,320.0,333.0,61.0,79.0,45.0,220.0,6.0,6.0,38.0,192.0,202.0,310.0,84.0,0.11,0.07,0.81,0.85,0.15,0.2,0.11,0.56,0.02,0.02,0.1,0.49,0.51,0.79,0.21
455,30Q501,Frank Sinatra School of the Arts High School,222,0.963963963963964,,3.0,219.0,203.0,19.0,28.0,35.0,75.0,2.0,2.0,80.0,152.0,70.0,88.0,134.0,,0.01,0.99,0.91,0.09,0.13,0.16,0.34,0.01,0.01,0.36,0.68,0.32,0.4,0.6
456,30Q502,Information Technology High School,254,0.7874015748031497,7.0,13.0,234.0,204.0,50.0,49.0,30.0,140.0,,2.0,33.0,53.0,201.0,202.0,52.0,0.03,0.05,0.92,0.8,0.2,0.19,0.12,0.55,,0.01,0.13,0.21,0.79,0.8,0.2
457,30Q555,Newcomers High School,266,0.6879699248120301,143.0,87.0,36.0,263.0,3.0,82.0,4.0,162.0,,,18.0,128.0,138.0,242.0,24.0,0.54,0.33,0.14,0.99,0.01,0.31,0.02,0.61,,,0.07,0.48,0.52,0.91,0.09
458,30Q575,Academy of American Studies,240,0.9833333333333333,1.0,14.0,225.0,220.0,20.0,53.0,16.0,77.0,1.0,,93.0,145.0,95.0,172.0,68.0,0.0,0.06,0.94,0.92,0.08,0.22,0.07,0.32,0.0,,0.39,0.6,0.4,0.72,0.28
459,30Q580,Baccalaureate School for Global Education,76,0.9868421052631579,,,76.0,74.0,2.0,31.0,,10.0,5.0,,30.0,42.0,34.0,35.0,41.0,,,1.0,0.97,0.03,0.41,,0.13,0.07,,0.39,0.55,0.45,0.46,0.54
460,31R047,CSI High School for International Studies,133,1.0,,1.0,132.0,114.0,19.0,19.0,9.0,22.0,2.0,,81.0,78.0,55.0,62.0,71.0,,0.01,0.99,0.86,0.14,0.14,0.07,0.17,0.02,,0.61,0.59,0.41,0.47,0.53
461,31R064,Gaynor McCown Expeditionary Learning School,109,0.926605504587156,,,109.0,87.0,22.0,4.0,9.0,27.0,,,69.0,68.0,41.0,56.0,53.0,,,1.0,0.8,0.2,0.04,0.08,0.25,,,0.63,0.62,0.38,0.51,0.49
462,31R080,The Michael J. Petrides School,110,0.9363636363636364,,1.0,109.0,82.0,28.0,8.0,26.0,20.0,2.0,1.0,53.0,51.0,59.0,65.0,45.0,,0.01,0.99,0.75,0.25,0.07,0.24,0.18,0.02,0.01,0.48,0.46,0.54,0.59,0.41
463,31R440,New Dorp High School,738,0.8279132791327913,20.0,37.0,681.0,602.0,136.0,65.0,86.0,198.0,9.0,2.0,378.0,344.0,394.0,441.0,297.0,0.03,0.05,0.92,0.82,0.18,0.09,0.12,0.27,0.01,0.0,0.51,0.47,0.53,0.6,0.4
464,31R445,Port Richmond High School,403,0.7121588089330024,23.0,16.0,364.0,308.0,95.0,34.0,98.0,170.0,3.0,2.0,96.0,195.0,208.0,307.0,96.0,0.06,0.04,0.9,0.76,0.24,0.08,0.24,0.42,0.01,0.0,0.24,0.48,0.52,0.76,0.24
465,31R450,Curtis High School,635,0.7322834645669292,33.0,12.0,590.0,521.0,114.0,39.0,233.0,256.0,3.0,5.0,99.0,324.0,311.0,503.0,132.0,0.05,0.02,0.93,0.82,0.18,0.06,0.37,0.4,0.0,0.01,0.16,0.51,0.49,0.79,0.21
466,31R455,Tottenville High School,1025,0.9024390243902439,11.0,20.0,994.0,855.0,170.0,66.0,13.0,122.0,14.0,2.0,808.0,498.0,527.0,380.0,645.0,0.01,0.02,0.97,0.83,0.17,0.06,0.01,0.12,0.01,0.0,0.79,0.49,0.51,0.37,0.63
467,31R460,Susan E. Wagner High School,761,0.8699080157687253,6.0,28.0,727.0,619.0,142.0,108.0,87.0,194.0,5.0,2.0,365.0,370.0,391.0,439.0,322.0,0.01,0.04,0.96,0.81,0.19,0.14,0.11,0.25,0.01,0.0,0.48,0.49,0.51,0.58,0.42
468,31R470,Concord High School,81,0.2222222222222222,,,81.0,59.0,22.0,,21.0,36.0,,1.0,23.0,48.0,33.0,62.0,19.0,,,1.0,0.73,0.27,,0.26,0.44,,0.01,0.28,0.59,0.41,0.77,0.23
469,31R600,Ralph R. McKee Career and Technical Education High School,163,0.7116564417177914,3.0,5.0,155.0,122.0,41.0,13.0,52.0,65.0,,,33.0,37.0,126.0,110.0,53.0,0.02,0.03,0.95,0.75,0.25,0.08,0.32,0.4,,,0.2,0.23,0.77,0.67,0.33
470,31R605,Staten Island Technical High School,313,1.0,,1.0,312.0,310.0,3.0,141.0,1.0,15.0,,1.0,155.0,142.0,171.0,121.0,192.0,,0.0,1.0,0.99,0.01,0.45,0.0,0.05,,0.0,0.5,0.45,0.55,0.39,0.61
471,32K168,The Brooklyn School for Math and Research,50,0.88,2.0,3.0,45.0,43.0,7.0,2.0,24.0,19.0,,,5.0,20.0,30.0,44.0,6.0,0.04,0.06,0.9,0.86,0.14,0.04,0.48,0.38,,,0.1,0.4,0.6,0.88,0.12
472,32K403,Academy for Environmental Leadership,93,0.7634408602150538,22.0,11.0,60.0,68.0,25.0,1.0,20.0,71.0,,,1.0,37.0,56.0,87.0,6.0,0.24,0.12,0.65,0.73,0.27,0.01,0.22,0.76,,,0.01,0.4,0.6,0.94,0.06
473,32K545,EBC High School for Public Service - Bushwick,130,0.8692307692307693,16.0,15.0,99.0,106.0,24.0,,9.0,120.0,,,1.0,59.0,71.0,113.0,17.0,0.12,0.12,0.76,0.82,0.18,,0.07,0.92,,,0.01,0.45,0.55,0.87,0.13
474,32K549,The Brooklyn School for Social Justice,105,0.7428571428571429,37.0,8.0,60.0,88.0,17.0,1.0,19.0,82.0,1.0,,2.0,53.0,52.0,89.0,16.0,0.35,0.08,0.57,0.84,0.16,0.01,0.18,0.78,0.01,,0.02,0.5,0.5,0.85,0.15
475,32K552,The Academy of Urban Planning and Engineering,65,0.8615384615384616,19.0,6.0,40.0,55.0,10.0,2.0,7.0,52.0,1.0,,3.0,25.0,40.0,61.0,4.0,0.29,0.09,0.62,0.85,0.15,0.03,0.11,0.8,0.02,,0.05,0.38,0.62,0.94,0.06
476,32K554,All City Leadership Secondary School,62,1.0,,2.0,60.0,56.0,6.0,7.0,4.0,49.0,,,2.0,34.0,28.0,55.0,7.0,,0.03,0.97,0.9,0.1,0.11,0.06,0.79,,,0.03,0.55,0.45,0.89,0.11
477,32K556,Bushwick Leaders High School for Academic Excellence,72,0.7083333333333334,18.0,1.0,53.0,58.0,14.0,,10.0,61.0,,,1.0,28.0,44.0,70.0,2.0,0.25,0.01,0.74,0.81,0.19,,0.14,0.85,,,0.01,0.39,0.61,0.97,0.03
478,32K564,Bushwick Community High School,110,0.16363636363636364,8.0,4.0,98.0,78.0,32.0,,36.0,72.0,,,2.0,51.0,59.0,97.0,13.0,0.07,0.04,0.89,0.71,0.29,,0.33,0.65,,,0.02,0.46,0.54,0.88,0.12
